ticker,start_ts_utc,start_iso,n_kalshi_points,n_poly_points,n_aligned,n_arb_mid,n_arb_exec,n_sig2_exec15,best_mid,best_mid_edge_pct,best_exec,best_exec_edge_pct,kalshi_fallback,slug
KXBTC15M-26APR221145-45,1776871800,2026-04-22T15:30:00+00:00,16,16,15,13,13,11,0.67,33.0,0.675,32.5,0,btc-updown-15m-1776871800
KXBTC15M-26APR221200-00,1776872700,2026-04-22T15:45:00+00:00,16,16,15,15,15,14,0.728,27.2,0.733,26.7,0,btc-updown-15m-1776872700
KXBTC15M-26APR221215-15,1776873600,2026-04-22T16:00:00+00:00,16,16,15,14,14,13,0.74,26.0,0.745,25.5,0,btc-updown-15m-1776873600
KXBTC15M-26APR221230-30,1776874500,2026-04-22T16:15:00+00:00,16,16,15,9,8,8,0.825,17.5,0.835,16.5,0,btc-updown-15m-1776874500
KXBTC15M-26APR221245-45,1776875400,2026-04-22T16:30:00+00:00,16,16,15,14,14,14,0.63,37.0,0.635,36.5,0,btc-updown-15m-1776875400
KXBTC15M-26APR221300-00,1776876300,2026-04-22T16:45:00+00:00,16,16,15,15,15,13,0.74,26.0,0.745,25.5,0,btc-updown-15m-1776876300
KXBTC15M-26APR221315-15,1776877200,2026-04-22T17:00:00+00:00,16,16,15,10,10,8,0.83,17.0,0.835,16.5,0,btc-updown-15m-1776877200
KXBTC15M-26APR221330-30,1776878100,2026-04-22T17:15:00+00:00,16,16,15,13,11,7,0.84,16.0,0.845,15.5,0,btc-updown-15m-1776878100
KXBTC15M-26APR221345-45,1776879000,2026-04-22T17:30:00+00:00,16,16,15,12,11,10,0.4155,58.45,0.416,58.4,0,btc-updown-15m-1776879000
KXBTC15M-26APR221400-00,1776879900,2026-04-22T17:45:00+00:00,16,16,15,12,12,11,0.71,29.0,0.715,28.5,0,btc-updown-15m-1776879900
KXBTC15M-26APR221415-15,1776880800,2026-04-22T18:00:00+00:00,16,16,15,15,15,14,0.6585,34.15,0.66,34.0,0,btc-updown-15m-1776880800
KXBTC15M-26APR221430-30,1776881700,2026-04-22T18:15:00+00:00,16,16,15,13,13,12,0.709,29.1,0.718,28.2,0,btc-updown-15m-1776881700
KXBTC15M-26APR221445-45,1776882600,2026-04-22T18:30:00+00:00,16,16,15,12,12,12,0.83,17.0,0.835,16.5,0,btc-updown-15m-1776882600
KXBTC15M-26APR221500-00,1776883500,2026-04-22T18:45:00+00:00,16,16,15,14,14,11,0.75,25.0,0.755,24.5,0,btc-updown-15m-1776883500
KXBTC15M-26APR221515-15,1776884400,2026-04-22T19:00:00+00:00,16,16,15,8,8,7,0.715,28.5,0.72,28.0,0,btc-updown-15m-1776884400
KXBTC15M-26APR221530-30,1776885300,2026-04-22T19:15:00+00:00,16,16,15,10,10,10,0.78,22.0,0.785,21.5,0,btc-updown-15m-1776885300
KXBTC15M-26APR221545-45,1776886200,2026-04-22T19:30:00+00:00,16,16,15,8,8,7,0.85,15.0,0.855,14.5,0,btc-updown-15m-1776886200
KXBTC15M-26APR221600-00,1776887100,2026-04-22T19:45:00+00:00,16,16,15,14,13,13,0.7315,26.85,0.735,26.5,0,btc-updown-15m-1776887100
KXBTC15M-26APR221615-15,1776888000,2026-04-22T20:00:00+00:00,16,16,15,15,15,14,0.69,31.0,0.695,30.5,0,btc-updown-15m-1776888000
KXBTC15M-26APR221630-30,1776888900,2026-04-22T20:15:00+00:00,16,16,15,11,11,8,0.68,32.0,0.685,31.5,0,btc-updown-15m-1776888900
KXBTC15M-26APR221645-45,1776889800,2026-04-22T20:30:00+00:00,16,16,15,15,15,14,0.76,24.0,0.765,23.5,0,btc-updown-15m-1776889800
KXBTC15M-26APR221700-00,1776890700,2026-04-22T20:45:00+00:00,16,16,15,13,13,12,0.77,23.0,0.775,22.5,0,btc-updown-15m-1776890700
KXBTC15M-26APR221715-15,1776891600,2026-04-22T21:00:00+00:00,16,16,15,9,9,9,0.875,12.5,0.885,11.5,0,btc-updown-15m-1776891600
KXBTC15M-26APR221730-30,1776892500,2026-04-22T21:15:00+00:00,16,16,15,14,14,14,0.4205,57.95,0.421,57.9,0,btc-updown-15m-1776892500
KXBTC15M-26APR221745-45,1776893400,2026-04-22T21:30:00+00:00,16,16,15,9,8,6,0.8,20.0,0.805,19.5,0,btc-updown-15m-1776893400
KXBTC15M-26APR221800-00,1776894300,2026-04-22T21:45:00+00:00,16,16,15,15,15,14,0.5,50.0,0.505,49.5,0,btc-updown-15m-1776894300
KXBTC15M-26APR221815-15,1776895200,2026-04-22T22:00:00+00:00,16,16,15,15,15,14,0.71,29.0,0.715,28.5,0,btc-updown-15m-1776895200
KXBTC15M-26APR221830-30,1776896100,2026-04-22T22:15:00+00:00,16,16,15,10,10,8,0.78,22.0,0.785,21.5,0,btc-updown-15m-1776896100
KXBTC15M-26APR221845-45,1776897000,2026-04-22T22:30:00+00:00,16,16,15,13,13,13,0.4655,53.45,0.466,53.4,0,btc-updown-15m-1776897000
KXBTC15M-26APR221900-00,1776897900,2026-04-22T22:45:00+00:00,16,16,15,14,14,14,0.635,36.5,0.645,35.5,0,btc-updown-15m-1776897900
KXBTC15M-26APR221915-15,1776898800,2026-04-22T23:00:00+00:00,16,16,15,11,11,10,0.805,19.5,0.813,18.7,0,btc-updown-15m-1776898800
KXBTC15M-26APR221930-30,1776899700,2026-04-22T23:15:00+00:00,16,16,15,8,8,8,0.847,15.3,0.849,15.1,0,btc-updown-15m-1776899700
KXBTC15M-26APR221945-45,1776900600,2026-04-22T23:30:00+00:00,16,16,15,14,14,12,0.801,19.9,0.803,19.7,0,btc-updown-15m-1776900600
KXBTC15M-26APR222000-00,1776901500,2026-04-22T23:45:00+00:00,16,16,15,15,15,14,0.7,30.0,0.705,29.5,0,btc-updown-15m-1776901500
KXBTC15M-26APR222015-15,1776902400,2026-04-23T00:00:00+00:00,16,16,15,12,12,12,0.51,49.0,0.515,48.5,0,btc-updown-15m-1776902400
KXBTC15M-26APR222030-30,1776903300,2026-04-23T00:15:00+00:00,16,16,15,8,7,7,0.625,37.5,0.63,37.0,0,btc-updown-15m-1776903300
KXBTC15M-26APR222045-45,1776904200,2026-04-23T00:30:00+00:00,16,16,15,14,14,13,0.0995,90.05,0.105,89.5,0,btc-updown-15m-1776904200
KXBTC15M-26APR222100-00,1776905100,2026-04-23T00:45:00+00:00,16,16,15,14,14,14,0.69,31.0,0.695,30.5,0,btc-updown-15m-1776905100
KXBTC15M-26APR222115-15,1776906000,2026-04-23T01:00:00+00:00,16,16,15,10,9,8,0.78,22.0,0.785,21.5,0,btc-updown-15m-1776906000
KXBTC15M-26APR222130-30,1776906900,2026-04-23T01:15:00+00:00,16,16,15,13,13,9,0.44,56.0,0.445,55.5,0,btc-updown-15m-1776906900
KXBTC15M-26APR222145-45,1776907800,2026-04-23T01:30:00+00:00,16,16,15,10,9,9,0.76,24.0,0.765,23.5,0,btc-updown-15m-1776907800
KXBTC15M-26APR222200-00,1776908700,2026-04-23T01:45:00+00:00,16,16,15,14,14,13,0.685,31.5,0.695,30.5,0,btc-updown-15m-1776908700
KXBTC15M-26APR222215-15,1776909600,2026-04-23T02:00:00+00:00,16,16,15,12,11,9,0.87,13.0,0.875,12.5,0,btc-updown-15m-1776909600
KXBTC15M-26APR222230-30,1776910500,2026-04-23T02:15:00+00:00,16,16,15,14,14,13,0.56,44.0,0.565,43.5,0,btc-updown-15m-1776910500
KXBTC15M-26APR222245-45,1776911400,2026-04-23T02:30:00+00:00,16,16,15,9,9,8,0.605,39.5,0.615,38.5,0,btc-updown-15m-1776911400
KXBTC15M-26APR222300-00,1776912300,2026-04-23T02:45:00+00:00,16,16,15,10,10,8,0.7,30.0,0.705,29.5,0,btc-updown-15m-1776912300
KXBTC15M-26APR222315-15,1776913200,2026-04-23T03:00:00+00:00,16,16,15,13,13,13,0.64,36.0,0.645,35.5,0,btc-updown-15m-1776913200
KXBTC15M-26APR222330-30,1776914100,2026-04-23T03:15:00+00:00,16,16,15,15,15,14,0.7675,23.25,0.769,23.1,0,btc-updown-15m-1776914100
KXBTC15M-26APR222345-45,1776915000,2026-04-23T03:30:00+00:00,16,16,15,14,14,14,0.77,23.0,0.775,22.5,0,btc-updown-15m-1776915000
KXBTC15M-26APR230000-00,1776915900,2026-04-23T03:45:00+00:00,16,16,15,14,14,13,0.68,32.0,0.685,31.5,0,btc-updown-15m-1776915900
KXBTC15M-26APR230015-15,1776916800,2026-04-23T04:00:00+00:00,16,16,15,14,13,11,0.67,33.0,0.675,32.5,0,btc-updown-15m-1776916800
KXBTC15M-26APR230030-30,1776917700,2026-04-23T04:15:00+00:00,16,16,15,13,13,12,0.76,24.0,0.765,23.5,0,btc-updown-15m-1776917700
KXBTC15M-26APR230045-45,1776918600,2026-04-23T04:30:00+00:00,16,16,15,11,11,8,0.91,9.0,0.915,8.5,0,btc-updown-15m-1776918600
KXBTC15M-26APR230100-00,1776919500,2026-04-23T04:45:00+00:00,16,16,15,12,10,10,0.845,15.5,0.855,14.5,0,btc-updown-15m-1776919500
KXBTC15M-26APR230115-15,1776920400,2026-04-23T05:00:00+00:00,16,16,15,14,13,10,0.915,8.5,0.92,8.0,0,btc-updown-15m-1776920400
KXBTC15M-26APR230130-30,1776921300,2026-04-23T05:15:00+00:00,16,16,15,11,10,9,0.74,26.0,0.745,25.5,0,btc-updown-15m-1776921300
KXBTC15M-26APR230145-45,1776922200,2026-04-23T05:30:00+00:00,16,16,15,14,14,12,0.83,17.0,0.835,16.5,0,btc-updown-15m-1776922200
KXBTC15M-26APR230200-00,1776923100,2026-04-23T05:45:00+00:00,16,16,15,7,7,6,0.855,14.5,0.865,13.5,0,btc-updown-15m-1776923100
KXBTC15M-26APR230515-15,1776934800,2026-04-23T09:00:00+00:00,16,16,15,8,8,6,0.709,29.1,0.713,28.7,0,btc-updown-15m-1776934800
KXBTC15M-26APR230530-30,1776935700,2026-04-23T09:15:00+00:00,16,16,15,14,14,13,0.57,43.0,0.575,42.5,0,btc-updown-15m-1776935700
KXBTC15M-26APR230545-45,1776936600,2026-04-23T09:30:00+00:00,16,16,15,12,12,12,0.75,25.0,0.755,24.5,0,btc-updown-15m-1776936600
KXBTC15M-26APR230600-00,1776937500,2026-04-23T09:45:00+00:00,16,16,15,13,13,13,0.73,27.0,0.735,26.5,0,btc-updown-15m-1776937500
KXBTC15M-26APR230615-15,1776938400,2026-04-23T10:00:00+00:00,16,16,15,8,8,7,0.67,33.0,0.675,32.5,0,btc-updown-15m-1776938400
KXBTC15M-26APR230630-30,1776939300,2026-04-23T10:15:00+00:00,16,16,15,11,11,10,0.85,15.0,0.855,14.5,0,btc-updown-15m-1776939300
KXBTC15M-26APR230645-45,1776940200,2026-04-23T10:30:00+00:00,16,16,15,15,15,15,0.2145,78.55,0.215,78.5,0,btc-updown-15m-1776940200
KXBTC15M-26APR230700-00,1776941100,2026-04-23T10:45:00+00:00,16,16,15,15,15,15,0.66,34.0,0.665,33.5,0,btc-updown-15m-1776941100
KXBTC15M-26APR230715-15,1776942000,2026-04-23T11:00:00+00:00,16,16,15,14,14,14,0.5865,41.35,0.605,39.5,0,btc-updown-15m-1776942000
KXBTC15M-26APR230730-30,1776942900,2026-04-23T11:15:00+00:00,16,16,15,11,10,10,0.83,17.0,0.835,16.5,0,btc-updown-15m-1776942900
KXBTC15M-26APR230745-45,1776943800,2026-04-23T11:30:00+00:00,16,16,15,12,12,12,0.63,37.0,0.635,36.5,0,btc-updown-15m-1776943800
KXBTC15M-26APR230800-00,1776944700,2026-04-23T11:45:00+00:00,16,16,15,12,11,11,0.525,47.5,0.535,46.5,0,btc-updown-15m-1776944700
KXBTC15M-26APR230815-15,1776945600,2026-04-23T12:00:00+00:00,16,16,15,15,15,15,0.6195,38.05,0.622,37.8,0,btc-updown-15m-1776945600
KXBTC15M-26APR230830-30,1776946500,2026-04-23T12:15:00+00:00,16,16,15,15,15,15,0.5145,48.55,0.518,48.2,0,btc-updown-15m-1776946500
KXBTC15M-26APR230845-45,1776947400,2026-04-23T12:30:00+00:00,16,16,15,15,15,15,0.562,43.8,0.564,43.6,0,btc-updown-15m-1776947400
KXBTC15M-26APR230900-00,1776948300,2026-04-23T12:45:00+00:00,16,16,15,14,14,13,0.53,47.0,0.535,46.5,0,btc-updown-15m-1776948300
KXBTC15M-26APR230915-15,1776949200,2026-04-23T13:00:00+00:00,16,16,15,13,12,11,0.76,24.0,0.765,23.5,0,btc-updown-15m-1776949200
KXBTC15M-26APR230930-30,1776950100,2026-04-23T13:15:00+00:00,16,16,15,15,15,15,0.4815,51.85,0.486,51.4,0,btc-updown-15m-1776950100
KXBTC15M-26APR230945-45,1776951000,2026-04-23T13:30:00+00:00,16,16,15,13,12,11,0.71,29.0,0.715,28.5,0,btc-updown-15m-1776951000
KXBTC15M-26APR231000-00,1776951900,2026-04-23T13:45:00+00:00,16,16,15,14,14,13,0.678,32.2,0.685,31.5,0,btc-updown-15m-1776951900
KXBTC15M-26APR231015-15,1776952800,2026-04-23T14:00:00+00:00,16,16,15,15,15,15,0.61,39.0,0.615,38.5,0,btc-updown-15m-1776952800
KXBTC15M-26APR231030-30,1776953700,2026-04-23T14:15:00+00:00,16,16,15,12,12,12,0.58,42.0,0.583,41.7,0,btc-updown-15m-1776953700
KXBTC15M-26APR231045-45,1776954600,2026-04-23T14:30:00+00:00,16,16,15,15,15,14,0.665,33.5,0.685,31.5,0,btc-updown-15m-1776954600
KXBTC15M-26APR231100-00,1776955500,2026-04-23T14:45:00+00:00,16,16,15,9,9,9,0.795,20.5,0.805,19.5,0,btc-updown-15m-1776955500
KXBTC15M-26APR231115-15,1776956400,2026-04-23T15:00:00+00:00,16,16,15,11,10,7,0.852,14.8,0.8545,14.55,0,btc-updown-15m-1776956400
KXBTC15M-26APR231130-30,1776957300,2026-04-23T15:15:00+00:00,16,16,15,9,9,9,0.65,35.0,0.655,34.5,0,btc-updown-15m-1776957300
KXBTC15M-26APR231145-45,1776958200,2026-04-23T15:30:00+00:00,16,16,15,11,10,9,0.75,25.0,0.755,24.5,0,btc-updown-15m-1776958200
KXBTC15M-26APR231200-00,1776959100,2026-04-23T15:45:00+00:00,16,16,15,11,11,10,0.775,22.5,0.78,22.0,0,btc-updown-15m-1776959100
KXBTC15M-26APR231215-15,1776960000,2026-04-23T16:00:00+00:00,16,16,15,14,14,14,0.49,51.0,0.495,50.5,0,btc-updown-15m-1776960000
KXBTC15M-26APR231230-30,1776960900,2026-04-23T16:15:00+00:00,16,16,15,14,13,11,0.77,23.0,0.775,22.5,0,btc-updown-15m-1776960900
KXBTC15M-26APR231245-45,1776961800,2026-04-23T16:30:00+00:00,16,16,15,14,14,13,0.58,42.0,0.585,41.5,0,btc-updown-15m-1776961800
KXBTC15M-26APR231300-00,1776962700,2026-04-23T16:45:00+00:00,16,16,15,9,9,7,0.73,27.0,0.735,26.5,0,btc-updown-15m-1776962700
KXBTC15M-26APR231315-15,1776963600,2026-04-23T17:00:00+00:00,16,16,15,7,7,6,0.635,36.5,0.645,35.5,0,btc-updown-15m-1776963600
KXBTC15M-26APR231330-30,1776964500,2026-04-23T17:15:00+00:00,16,16,15,11,10,9,0.67,33.0,0.675,32.5,0,btc-updown-15m-1776964500
KXBTC15M-26APR231345-45,1776965400,2026-04-23T17:30:00+00:00,16,16,15,11,11,10,0.55,45.0,0.555,44.5,0,btc-updown-15m-1776965400
KXBTC15M-26APR231400-00,1776966300,2026-04-23T17:45:00+00:00,16,16,15,11,9,9,0.78,22.0,0.785,21.5,0,btc-updown-15m-1776966300
KXBTC15M-26APR231415-15,1776967200,2026-04-23T18:00:00+00:00,16,16,15,11,11,11,0.71,29.0,0.715,28.5,0,btc-updown-15m-1776967200
KXBTC15M-26APR231430-30,1776968100,2026-04-23T18:15:00+00:00,16,16,15,14,14,13,0.78,22.0,0.785,21.5,0,btc-updown-15m-1776968100
KXBTC15M-26APR231445-45,1776969000,2026-04-23T18:30:00+00:00,16,16,15,14,14,14,0.7665,23.35,0.768,23.2,0,btc-updown-15m-1776969000
KXBTC15M-26APR231500-00,1776969900,2026-04-23T18:45:00+00:00,16,16,15,11,10,9,0.835,16.5,0.845,15.5,0,btc-updown-15m-1776969900
KXBTC15M-26APR231515-15,1776970800,2026-04-23T19:00:00+00:00,16,16,15,15,15,15,0.517,48.3,0.52,48.0,0,btc-updown-15m-1776970800
KXBTC15M-26APR231530-30,1776971700,2026-04-23T19:15:00+00:00,16,16,15,14,14,13,0.79,21.0,0.793,20.7,0,btc-updown-15m-1776971700
KXBTC15M-26APR231545-45,1776972600,2026-04-23T19:30:00+00:00,16,16,15,12,10,9,0.8,20.0,0.805,19.5,0,btc-updown-15m-1776972600
KXBTC15M-26APR231600-00,1776973500,2026-04-23T19:45:00+00:00,16,16,15,14,14,12,0.83,17.0,0.835,16.5,0,btc-updown-15m-1776973500
KXBTC15M-26APR231615-15,1776974400,2026-04-23T20:00:00+00:00,16,16,15,15,14,12,0.74,26.0,0.745,25.5,0,btc-updown-15m-1776974400
KXBTC15M-26APR231630-30,1776975300,2026-04-23T20:15:00+00:00,16,16,15,12,11,11,0.695,30.5,0.7,30.0,0,btc-updown-15m-1776975300
KXBTC15M-26APR231645-45,1776976200,2026-04-23T20:30:00+00:00,16,16,15,10,10,9,0.79,21.0,0.795,20.5,0,btc-updown-15m-1776976200
KXBTC15M-26APR231700-00,1776977100,2026-04-23T20:45:00+00:00,16,16,15,11,10,10,0.895,10.5,0.9,10.0,0,btc-updown-15m-1776977100
KXBTC15M-26APR231715-15,1776978000,2026-04-23T21:00:00+00:00,16,16,15,14,14,13,0.45,55.0,0.451,54.9,0,btc-updown-15m-1776978000
KXBTC15M-26APR231730-30,1776978900,2026-04-23T21:15:00+00:00,16,16,15,13,13,12,0.56,44.0,0.564,43.6,0,btc-updown-15m-1776978900
KXBTC15M-26APR231745-45,1776979800,2026-04-23T21:30:00+00:00,16,16,15,13,12,12,0.76,24.0,0.765,23.5,0,btc-updown-15m-1776979800
KXBTC15M-26APR231800-00,1776980700,2026-04-23T21:45:00+00:00,16,16,15,10,10,8,0.89,11.0,0.895,10.5,0,btc-updown-15m-1776980700
KXBTC15M-26APR231815-15,1776981600,2026-04-23T22:00:00+00:00,16,16,15,7,7,5,0.82,18.0,0.825,17.5,0,btc-updown-15m-1776981600
KXBTC15M-26APR231830-30,1776982500,2026-04-23T22:15:00+00:00,16,16,15,13,13,10,0.75,25.0,0.755,24.5,0,btc-updown-15m-1776982500
KXBTC15M-26APR231845-45,1776983400,2026-04-23T22:30:00+00:00,16,16,15,13,12,9,0.79,21.0,0.795,20.5,0,btc-updown-15m-1776983400
KXBTC15M-26APR231900-00,1776984300,2026-04-23T22:45:00+00:00,16,16,15,11,11,11,0.73,27.0,0.735,26.5,0,btc-updown-15m-1776984300
KXBTC15M-26APR231915-15,1776985200,2026-04-23T23:00:00+00:00,16,16,15,10,9,9,0.85,15.0,0.855,14.5,0,btc-updown-15m-1776985200
KXBTC15M-26APR231930-30,1776986100,2026-04-23T23:15:00+00:00,16,16,15,15,15,15,0.6505,34.95,0.653,34.7,0,btc-updown-15m-1776986100
KXBTC15M-26APR231945-45,1776987000,2026-04-23T23:30:00+00:00,16,16,15,11,11,10,0.83,17.0,0.835,16.5,0,btc-updown-15m-1776987000
KXBTC15M-26APR232000-00,1776987900,2026-04-23T23:45:00+00:00,16,16,15,13,12,11,0.2455,75.45,0.246,75.4,0,btc-updown-15m-1776987900
KXBTC15M-26APR232015-15,1776988800,2026-04-24T00:00:00+00:00,16,16,15,14,14,12,0.66,34.0,0.665,33.5,0,btc-updown-15m-1776988800
KXBTC15M-26APR232030-30,1776989700,2026-04-24T00:15:00+00:00,16,16,15,12,12,12,0.8,20.0,0.805,19.5,0,btc-updown-15m-1776989700
KXBTC15M-26APR232045-45,1776990600,2026-04-24T00:30:00+00:00,16,16,15,15,14,14,0.5,50.0,0.505,49.5,0,btc-updown-15m-1776990600
KXBTC15M-26APR232100-00,1776991500,2026-04-24T00:45:00+00:00,16,16,15,13,13,11,0.52,48.0,0.525,47.5,0,btc-updown-15m-1776991500
KXBTC15M-26APR232115-15,1776992400,2026-04-24T01:00:00+00:00,16,16,15,7,7,6,0.88,12.0,0.885,11.5,0,btc-updown-15m-1776992400
KXBTC15M-26APR232130-30,1776993300,2026-04-24T01:15:00+00:00,16,16,15,11,9,7,0.78,22.0,0.785,21.5,0,btc-updown-15m-1776993300
KXBTC15M-26APR232145-45,1776994200,2026-04-24T01:30:00+00:00,16,16,15,15,15,15,0.12,88.0,0.125,87.5,0,btc-updown-15m-1776994200
KXBTC15M-26APR232200-00,1776995100,2026-04-24T01:45:00+00:00,16,16,15,5,5,3,0.6,40.0,0.605,39.5,0,btc-updown-15m-1776995100
KXBTC15M-26APR232215-15,1776996000,2026-04-24T02:00:00+00:00,16,16,15,13,13,12,0.68,32.0,0.685,31.5,0,btc-updown-15m-1776996000
KXBTC15M-26APR232230-30,1776996900,2026-04-24T02:15:00+00:00,16,16,15,11,10,9,0.804,19.6,0.805,19.5,0,btc-updown-15m-1776996900
KXBTC15M-26APR232245-45,1776997800,2026-04-24T02:30:00+00:00,16,16,15,13,13,9,0.7675,23.25,0.774,22.6,0,btc-updown-15m-1776997800
KXBTC15M-26APR232300-00,1776998700,2026-04-24T02:45:00+00:00,16,16,15,7,6,6,0.7615,23.85,0.762,23.8,0,btc-updown-15m-1776998700
KXBTC15M-26APR232315-15,1776999600,2026-04-24T03:00:00+00:00,15,16,15,14,14,13,0.68,32.0,0.685,31.5,0,btc-updown-15m-1776999600
KXBTC15M-26APR232330-30,1777000500,2026-04-24T03:15:00+00:00,16,16,15,8,8,5,0.65,35.0,0.655,34.5,0,btc-updown-15m-1777000500
KXBTC15M-26APR232345-45,1777001400,2026-04-24T03:30:00+00:00,16,16,15,13,13,13,0.71,29.0,0.715,28.5,0,btc-updown-15m-1777001400
KXBTC15M-26APR240000-00,1777002300,2026-04-24T03:45:00+00:00,16,16,15,12,12,12,0.79,21.0,0.795,20.5,0,btc-updown-15m-1777002300
KXBTC15M-26APR240015-15,1777003200,2026-04-24T04:00:00+00:00,16,16,15,14,14,14,0.4305,56.95,0.435,56.5,0,btc-updown-15m-1777003200
KXBTC15M-26APR240030-30,1777004100,2026-04-24T04:15:00+00:00,16,16,15,13,13,12,0.22,78.0,0.223,77.7,0,btc-updown-15m-1777004100
KXBTC15M-26APR240045-45,1777005000,2026-04-24T04:30:00+00:00,16,16,15,14,14,13,0.307,69.3,0.309,69.1,0,btc-updown-15m-1777005000
KXBTC15M-26APR240100-00,1777005900,2026-04-24T04:45:00+00:00,16,16,15,14,14,14,0.65,35.0,0.655,34.5,0,btc-updown-15m-1777005900
KXBTC15M-26APR240115-15,1777006800,2026-04-24T05:00:00+00:00,16,16,15,12,11,11,0.75,25.0,0.755,24.5,0,btc-updown-15m-1777006800
KXBTC15M-26APR240130-30,1777007700,2026-04-24T05:15:00+00:00,16,16,15,14,14,14,0.62,38.0,0.625,37.5,0,btc-updown-15m-1777007700
KXBTC15M-26APR240145-45,1777008600,2026-04-24T05:30:00+00:00,16,16,15,13,13,13,0.6285,37.15,0.633,36.7,0,btc-updown-15m-1777008600
KXBTC15M-26APR240200-00,1777009500,2026-04-24T05:45:00+00:00,16,16,15,11,11,9,0.845,15.5,0.846,15.4,0,btc-updown-15m-1777009500
KXBTC15M-26APR240215-15,1777010400,2026-04-24T06:00:00+00:00,16,16,15,13,13,10,0.795,20.5,0.798,20.2,0,btc-updown-15m-1777010400
KXBTC15M-26APR240230-30,1777011300,2026-04-24T06:15:00+00:00,16,16,15,9,8,8,0.69,31.0,0.695,30.5,0,btc-updown-15m-1777011300
KXBTC15M-26APR240245-45,1777012200,2026-04-24T06:30:00+00:00,16,16,15,15,15,14,0.7145,28.55,0.716,28.4,0,btc-updown-15m-1777012200
KXBTC15M-26APR240300-00,1777013100,2026-04-24T06:45:00+00:00,16,16,15,15,15,15,0.1825,81.75,0.184,81.6,0,btc-updown-15m-1777013100
KXBTC15M-26APR240315-15,1777014000,2026-04-24T07:00:00+00:00,16,16,15,13,13,11,0.3205,67.95,0.333,66.7,0,btc-updown-15m-1777014000
KXBTC15M-26APR240330-30,1777014900,2026-04-24T07:15:00+00:00,16,16,15,11,11,11,0.74,26.0,0.745,25.5,0,btc-updown-15m-1777014900
KXBTC15M-26APR240345-45,1777015800,2026-04-24T07:30:00+00:00,16,16,15,13,13,12,0.8,20.0,0.805,19.5,0,btc-updown-15m-1777015800
KXBTC15M-26APR240400-00,1777016700,2026-04-24T07:45:00+00:00,16,16,15,13,13,10,0.55,45.0,0.555,44.5,0,btc-updown-15m-1777016700
KXBTC15M-26APR240415-15,1777017600,2026-04-24T08:00:00+00:00,16,16,15,15,15,15,0.5055,49.45,0.508,49.2,0,btc-updown-15m-1777017600
KXBTC15M-26APR240430-30,1777018500,2026-04-24T08:15:00+00:00,16,16,15,6,5,3,0.71,29.0,0.715,28.5,0,btc-updown-15m-1777018500
KXBTC15M-26APR240445-45,1777019400,2026-04-24T08:30:00+00:00,16,16,15,13,13,11,0.812,18.8,0.814,18.6,0,btc-updown-15m-1777019400
KXBTC15M-26APR240500-00,1777020300,2026-04-24T08:45:00+00:00,16,16,15,11,10,8,0.8735,12.65,0.882,11.8,0,btc-updown-15m-1777020300
KXBTC15M-26APR240515-15,1777021200,2026-04-24T09:00:00+00:00,16,16,15,8,8,8,0.67,33.0,0.675,32.5,0,btc-updown-15m-1777021200
KXBTC15M-26APR240530-30,1777022100,2026-04-24T09:15:00+00:00,16,16,15,14,14,14,0.3925,60.75,0.395,60.5,0,btc-updown-15m-1777022100
KXBTC15M-26APR240545-45,1777023000,2026-04-24T09:30:00+00:00,16,16,15,14,14,13,0.69,31.0,0.695,30.5,0,btc-updown-15m-1777023000
KXBTC15M-26APR240600-00,1777023900,2026-04-24T09:45:00+00:00,16,16,15,12,12,11,0.54,46.0,0.545,45.5,0,btc-updown-15m-1777023900
KXBTC15M-26APR240615-15,1777024800,2026-04-24T10:00:00+00:00,16,16,15,14,14,14,0.7565,24.35,0.758,24.2,0,btc-updown-15m-1777024800
KXBTC15M-26APR240630-30,1777025700,2026-04-24T10:15:00+00:00,16,16,15,10,10,9,0.9,10.0,0.905,9.5,0,btc-updown-15m-1777025700
KXBTC15M-26APR240645-45,1777026600,2026-04-24T10:30:00+00:00,16,16,15,14,14,14,0.713,28.7,0.715,28.5,0,btc-updown-15m-1777026600
KXBTC15M-26APR240700-00,1777027500,2026-04-24T10:45:00+00:00,16,16,15,13,12,11,0.7465,25.35,0.75,25.0,0,btc-updown-15m-1777027500
KXBTC15M-26APR240715-15,1777028400,2026-04-24T11:00:00+00:00,16,16,15,6,6,5,0.5735,42.65,0.574,42.6,0,btc-updown-15m-1777028400
KXBTC15M-26APR240730-30,1777029300,2026-04-24T11:15:00+00:00,16,16,15,12,12,12,0.45,55.0,0.455,54.5,0,btc-updown-15m-1777029300
KXBTC15M-26APR240745-45,1777030200,2026-04-24T11:30:00+00:00,16,16,15,14,13,12,0.65,35.0,0.655,34.5,0,btc-updown-15m-1777030200
KXBTC15M-26APR240800-00,1777031100,2026-04-24T11:45:00+00:00,16,16,15,14,14,13,0.835,16.5,0.845,15.5,0,btc-updown-15m-1777031100
KXBTC15M-26APR240815-15,1777032000,2026-04-24T12:00:00+00:00,16,16,15,14,14,12,0.765,23.5,0.77,23.0,0,btc-updown-15m-1777032000
KXBTC15M-26APR240830-30,1777032900,2026-04-24T12:15:00+00:00,16,16,15,15,15,14,0.65,35.0,0.653,34.7,0,btc-updown-15m-1777032900
KXBTC15M-26APR240845-45,1777033800,2026-04-24T12:30:00+00:00,16,16,15,14,14,12,0.3785,62.15,0.379,62.1,0,btc-updown-15m-1777033800
KXBTC15M-26APR240900-00,1777034700,2026-04-24T12:45:00+00:00,16,12,15,15,15,14,0.4,60.0,0.405,59.5,0,btc-updown-15m-1777034700
KXBTC15M-26APR240915-15,1777035600,2026-04-24T13:00:00+00:00,16,16,15,13,13,11,0.775,22.5,0.78,22.0,0,btc-updown-15m-1777035600
KXBTC15M-26APR240930-30,1777036500,2026-04-24T13:15:00+00:00,16,16,15,10,10,10,0.77,23.0,0.775,22.5,0,btc-updown-15m-1777036500
KXBTC15M-26APR240945-45,1777037400,2026-04-24T13:30:00+00:00,16,16,15,15,15,14,0.5755,42.45,0.576,42.4,0,btc-updown-15m-1777037400
KXBTC15M-26APR241000-00,1777038300,2026-04-24T13:45:00+00:00,16,16,15,10,9,9,0.75,25.0,0.755,24.5,0,btc-updown-15m-1777038300
KXBTC15M-26APR241015-15,1777039200,2026-04-24T14:00:00+00:00,16,16,15,13,13,12,0.82,18.0,0.825,17.5,0,btc-updown-15m-1777039200
KXBTC15M-26APR241030-30,1777040100,2026-04-24T14:15:00+00:00,16,16,15,13,13,12,0.655,34.5,0.665,33.5,0,btc-updown-15m-1777040100
KXBTC15M-26APR241045-45,1777041000,2026-04-24T14:30:00+00:00,16,16,15,7,7,7,0.89,11.0,0.895,10.5,0,btc-updown-15m-1777041000
KXBTC15M-26APR241100-00,1777041900,2026-04-24T14:45:00+00:00,16,16,15,12,12,12,0.73,27.0,0.735,26.5,0,btc-updown-15m-1777041900
KXBTC15M-26APR241115-15,1777042800,2026-04-24T15:00:00+00:00,16,16,15,6,6,6,0.82,18.0,0.825,17.5,0,btc-updown-15m-1777042800
KXBTC15M-26APR241130-30,1777043700,2026-04-24T15:15:00+00:00,16,16,15,12,12,12,0.79,21.0,0.795,20.5,0,btc-updown-15m-1777043700
KXBTC15M-26APR241145-45,1777044600,2026-04-24T15:30:00+00:00,16,16,15,14,14,13,0.1845,81.55,0.185,81.5,0,btc-updown-15m-1777044600
KXBTC15M-26APR241200-00,1777045500,2026-04-24T15:45:00+00:00,16,16,15,15,15,15,0.4325,56.75,0.433,56.7,0,btc-updown-15m-1777045500
KXBTC15M-26APR241215-15,1777046400,2026-04-24T16:00:00+00:00,15,16,15,11,11,10,0.733,26.7,0.747,25.3,0,btc-updown-15m-1777046400
KXBTC15M-26APR241230-30,1777047300,2026-04-24T16:15:00+00:00,16,16,15,15,15,13,0.72,28.0,0.725,27.5,0,btc-updown-15m-1777047300
KXBTC15M-26APR241245-45,1777048200,2026-04-24T16:30:00+00:00,16,16,15,13,12,11,0.46,54.0,0.465,53.5,0,btc-updown-15m-1777048200
KXBTC15M-26APR241300-00,1777049100,2026-04-24T16:45:00+00:00,16,16,15,14,14,13,0.322,67.8,0.329,67.1,0,btc-updown-15m-1777049100
KXBTC15M-26APR241315-15,1777050000,2026-04-24T17:00:00+00:00,16,16,15,14,14,12,0.7195,28.05,0.72,28.0,0,btc-updown-15m-1777050000
KXBTC15M-26APR241330-30,1777050900,2026-04-24T17:15:00+00:00,16,16,15,13,13,10,0.88,12.0,0.885,11.5,0,btc-updown-15m-1777050900
KXBTC15M-26APR241345-45,1777051800,2026-04-24T17:30:00+00:00,16,16,15,14,12,12,0.82,18.0,0.825,17.5,0,btc-updown-15m-1777051800
KXBTC15M-26APR241400-00,1777052700,2026-04-24T17:45:00+00:00,16,16,15,9,5,5,0.825,17.5,0.835,16.5,0,btc-updown-15m-1777052700
KXBTC15M-26APR241415-15,1777053600,2026-04-24T18:00:00+00:00,16,16,15,12,12,11,0.75,25.0,0.755,24.5,0,btc-updown-15m-1777053600
KXBTC15M-26APR241430-30,1777054500,2026-04-24T18:15:00+00:00,16,16,15,13,13,13,0.5405,45.95,0.553,44.7,0,btc-updown-15m-1777054500
KXBTC15M-26APR241445-45,1777055400,2026-04-24T18:30:00+00:00,16,16,15,12,12,11,0.72,28.0,0.725,27.5,0,btc-updown-15m-1777055400
KXBTC15M-26APR241500-00,1777056300,2026-04-24T18:45:00+00:00,16,16,15,15,15,15,0.498,50.2,0.504,49.6,0,btc-updown-15m-1777056300
KXBTC15M-26APR241515-15,1777057200,2026-04-24T19:00:00+00:00,16,16,15,14,14,13,0.76,24.0,0.765,23.5,0,btc-updown-15m-1777057200
KXBTC15M-26APR241530-30,1777058100,2026-04-24T19:15:00+00:00,16,16,15,14,14,14,0.63,37.0,0.635,36.5,0,btc-updown-15m-1777058100
KXBTC15M-26APR241545-45,1777059000,2026-04-24T19:30:00+00:00,16,16,15,14,13,13,0.78,22.0,0.785,21.5,0,btc-updown-15m-1777059000
KXBTC15M-26APR241600-00,1777059900,2026-04-24T19:45:00+00:00,16,16,15,14,13,13,0.2985,70.15,0.301,69.9,0,btc-updown-15m-1777059900
KXBTC15M-26APR241615-15,1777060800,2026-04-24T20:00:00+00:00,16,16,15,12,12,11,0.72,28.0,0.73,27.0,0,btc-updown-15m-1777060800
KXBTC15M-26APR241630-30,1777061700,2026-04-24T20:15:00+00:00,16,16,15,10,10,8,0.87,13.0,0.875,12.5,0,btc-updown-15m-1777061700
KXBTC15M-26APR241645-45,1777062600,2026-04-24T20:30:00+00:00,16,16,15,12,12,8,0.823,17.7,0.825,17.5,0,btc-updown-15m-1777062600
KXBTC15M-26APR241700-00,1777063500,2026-04-24T20:45:00+00:00,16,16,15,12,11,9,0.83,17.0,0.835,16.5,0,btc-updown-15m-1777063500
KXBTC15M-26APR241715-15,1777064400,2026-04-24T21:00:00+00:00,16,16,15,12,12,10,0.526,47.4,0.527,47.3,0,btc-updown-15m-1777064400
KXBTC15M-26APR241730-30,1777065300,2026-04-24T21:15:00+00:00,16,16,15,15,15,15,0.057,94.3,0.058,94.2,0,btc-updown-15m-1777065300
KXBTC15M-26APR241745-45,1777066200,2026-04-24T21:30:00+00:00,16,16,15,12,12,8,0.8495,15.05,0.853,14.7,0,btc-updown-15m-1777066200
KXBTC15M-26APR241800-00,1777067100,2026-04-24T21:45:00+00:00,16,16,15,15,15,15,0.1575,84.25,0.159,84.1,0,btc-updown-15m-1777067100
KXBTC15M-26APR241815-15,1777068000,2026-04-24T22:00:00+00:00,16,16,15,15,15,14,0.5,50.0,0.505,49.5,0,btc-updown-15m-1777068000
KXBTC15M-26APR241830-30,1777068900,2026-04-24T22:15:00+00:00,16,16,15,13,13,13,0.75,25.0,0.755,24.5,0,btc-updown-15m-1777068900
KXBTC15M-26APR241845-45,1777069800,2026-04-24T22:30:00+00:00,16,16,15,8,7,7,0.78,22.0,0.785,21.5,0,btc-updown-15m-1777069800
KXBTC15M-26APR241900-00,1777070700,2026-04-24T22:45:00+00:00,16,16,15,12,12,12,0.78,22.0,0.785,21.5,0,btc-updown-15m-1777070700
KXBTC15M-26APR241915-15,1777071600,2026-04-24T23:00:00+00:00,16,16,15,13,13,13,0.83,17.0,0.835,16.5,0,btc-updown-15m-1777071600
KXBTC15M-26APR241930-30,1777072500,2026-04-24T23:15:00+00:00,16,16,15,15,15,13,0.55,45.0,0.565,43.5,0,btc-updown-15m-1777072500
KXBTC15M-26APR241945-45,1777073400,2026-04-24T23:30:00+00:00,16,16,15,13,13,13,0.72,28.0,0.723,27.7,0,btc-updown-15m-1777073400
KXBTC15M-26APR242000-00,1777074300,2026-04-24T23:45:00+00:00,16,16,15,14,14,13,0.3825,61.75,0.384,61.6,0,btc-updown-15m-1777074300
KXBTC15M-26APR242015-15,1777075200,2026-04-25T00:00:00+00:00,16,16,15,15,15,14,0.64,36.0,0.645,35.5,0,btc-updown-15m-1777075200
KXBTC15M-26APR242030-30,1777076100,2026-04-25T00:15:00+00:00,16,16,15,10,9,9,0.79,21.0,0.795,20.5,0,btc-updown-15m-1777076100
KXBTC15M-26APR242045-45,1777077000,2026-04-25T00:30:00+00:00,16,16,15,11,11,10,0.86,14.0,0.865,13.5,0,btc-updown-15m-1777077000
KXBTC15M-26APR242100-00,1777077900,2026-04-25T00:45:00+00:00,16,16,15,13,12,12,0.51,49.0,0.515,48.5,0,btc-updown-15m-1777077900
KXBTC15M-26APR242115-15,1777078800,2026-04-25T01:00:00+00:00,16,16,15,15,15,13,0.6505,34.95,0.653,34.7,0,btc-updown-15m-1777078800
KXBTC15M-26APR242130-30,1777079700,2026-04-25T01:15:00+00:00,16,16,15,15,15,15,0.8345,16.55,0.835,16.5,0,btc-updown-15m-1777079700
KXBTC15M-26APR242145-45,1777080600,2026-04-25T01:30:00+00:00,16,16,15,14,14,13,0.8075,19.25,0.808,19.2,0,btc-updown-15m-1777080600
KXBTC15M-26APR242200-00,1777081500,2026-04-25T01:45:00+00:00,16,16,15,15,15,15,0.575,42.5,0.58,42.0,0,btc-updown-15m-1777081500
KXBTC15M-26APR242215-15,1777082400,2026-04-25T02:00:00+00:00,16,16,15,12,12,11,0.67,33.0,0.675,32.5,0,btc-updown-15m-1777082400
KXBTC15M-26APR242230-30,1777083300,2026-04-25T02:15:00+00:00,16,16,15,14,14,14,0.22,78.0,0.225,77.5,0,btc-updown-15m-1777083300
KXBTC15M-26APR242245-45,1777084200,2026-04-25T02:30:00+00:00,16,16,15,14,14,11,0.85,15.0,0.855,14.5,0,btc-updown-15m-1777084200
KXBTC15M-26APR242300-00,1777085100,2026-04-25T02:45:00+00:00,16,16,15,14,13,11,0.44,56.0,0.445,55.5,0,btc-updown-15m-1777085100
KXBTC15M-26APR242315-15,1777086000,2026-04-25T03:00:00+00:00,16,16,15,15,15,13,0.74,26.0,0.745,25.5,0,btc-updown-15m-1777086000
KXBTC15M-26APR242330-30,1777086900,2026-04-25T03:15:00+00:00,16,16,15,14,14,12,0.6055,39.45,0.606,39.4,0,btc-updown-15m-1777086900
KXBTC15M-26APR242345-45,1777087800,2026-04-25T03:30:00+00:00,16,16,15,10,10,8,0.9,10.0,0.905,9.5,0,btc-updown-15m-1777087800
KXBTC15M-26APR250000-00,1777088700,2026-04-25T03:45:00+00:00,16,16,15,15,15,12,0.68,32.0,0.685,31.5,0,btc-updown-15m-1777088700
KXBTC15M-26APR250015-15,1777089600,2026-04-25T04:00:00+00:00,16,16,15,15,15,14,0.166,83.4,0.173,82.7,0,btc-updown-15m-1777089600
KXBTC15M-26APR250030-30,1777090500,2026-04-25T04:15:00+00:00,16,16,15,14,14,13,0.81,19.0,0.815,18.5,0,btc-updown-15m-1777090500
KXBTC15M-26APR250045-45,1777091400,2026-04-25T04:30:00+00:00,16,16,15,11,11,9,0.81,19.0,0.815,18.5,0,btc-updown-15m-1777091400
KXBTC15M-26APR250100-00,1777092300,2026-04-25T04:45:00+00:00,16,16,15,13,13,13,0.62,38.0,0.625,37.5,0,btc-updown-15m-1777092300
KXBTC15M-26APR250115-15,1777093200,2026-04-25T05:00:00+00:00,16,16,15,7,6,6,0.745,25.5,0.775,22.5,0,btc-updown-15m-1777093200
KXBTC15M-26APR250130-30,1777094100,2026-04-25T05:15:00+00:00,16,16,15,14,14,14,0.6335,36.65,0.634,36.6,0,btc-updown-15m-1777094100
KXBTC15M-26APR250145-45,1777095000,2026-04-25T05:30:00+00:00,16,16,15,13,11,10,0.64,36.0,0.645,35.5,0,btc-updown-15m-1777095000
KXBTC15M-26APR250200-00,1777095900,2026-04-25T05:45:00+00:00,16,16,15,15,15,15,0.616,38.4,0.618,38.2,0,btc-updown-15m-1777095900
KXBTC15M-26APR250215-15,1777096800,2026-04-25T06:00:00+00:00,16,16,15,13,13,11,0.82,18.0,0.825,17.5,0,btc-updown-15m-1777096800
KXBTC15M-26APR250230-30,1777097700,2026-04-25T06:15:00+00:00,16,16,15,10,9,7,0.69,31.0,0.695,30.5,0,btc-updown-15m-1777097700
KXBTC15M-26APR250245-45,1777098600,2026-04-25T06:30:00+00:00,16,16,15,13,13,12,0.855,14.5,0.875,12.5,0,btc-updown-15m-1777098600
KXBTC15M-26APR250300-00,1777099500,2026-04-25T06:45:00+00:00,16,16,15,15,15,14,0.375,62.5,0.385,61.5,0,btc-updown-15m-1777099500
KXBTC15M-26APR250315-15,1777100400,2026-04-25T07:00:00+00:00,16,16,15,15,15,15,0.61,39.0,0.615,38.5,0,btc-updown-15m-1777100400
KXBTC15M-26APR250330-30,1777101300,2026-04-25T07:15:00+00:00,16,16,15,12,11,11,0.83,17.0,0.835,16.5,0,btc-updown-15m-1777101300
KXBTC15M-26APR250345-45,1777102200,2026-04-25T07:30:00+00:00,16,16,15,15,15,15,0.2705,72.95,0.273,72.7,0,btc-updown-15m-1777102200
KXBTC15M-26APR250400-00,1777103100,2026-04-25T07:45:00+00:00,16,16,15,13,13,13,0.645,35.5,0.655,34.5,0,btc-updown-15m-1777103100
KXBTC15M-26APR250415-15,1777104000,2026-04-25T08:00:00+00:00,16,16,15,15,15,15,0.81,19.0,0.815,18.5,0,btc-updown-15m-1777104000
KXBTC15M-26APR250430-30,1777104900,2026-04-25T08:15:00+00:00,16,16,15,12,12,11,0.54,46.0,0.545,45.5,0,btc-updown-15m-1777104900
KXBTC15M-26APR250445-45,1777105800,2026-04-25T08:30:00+00:00,16,16,15,15,15,14,0.636,36.4,0.639,36.1,0,btc-updown-15m-1777105800
KXBTC15M-26APR250500-00,1777106700,2026-04-25T08:45:00+00:00,16,16,15,11,11,10,0.2755,72.45,0.276,72.4,0,btc-updown-15m-1777106700
KXBTC15M-26APR250515-15,1777107600,2026-04-25T09:00:00+00:00,16,16,15,14,14,12,0.89,11.0,0.895,10.5,0,btc-updown-15m-1777107600
KXBTC15M-26APR250530-30,1777108500,2026-04-25T09:15:00+00:00,16,16,15,14,14,13,0.472,52.8,0.473,52.7,0,btc-updown-15m-1777108500
KXBTC15M-26APR250545-45,1777109400,2026-04-25T09:30:00+00:00,16,16,15,12,12,11,0.5095,49.05,0.513,48.7,0,btc-updown-15m-1777109400
KXBTC15M-26APR250600-00,1777110300,2026-04-25T09:45:00+00:00,16,16,15,14,14,14,0.307,69.3,0.309,69.1,0,btc-updown-15m-1777110300
KXBTC15M-26APR250615-15,1777111200,2026-04-25T10:00:00+00:00,16,16,15,14,14,14,0.79,21.0,0.795,20.5,0,btc-updown-15m-1777111200
KXBTC15M-26APR250630-30,1777112100,2026-04-25T10:15:00+00:00,16,16,15,12,12,10,0.8,20.0,0.805,19.5,0,btc-updown-15m-1777112100
KXBTC15M-26APR250645-45,1777113000,2026-04-25T10:30:00+00:00,16,16,15,15,15,15,0.435,56.5,0.44,56.0,0,btc-updown-15m-1777113000
KXBTC15M-26APR250700-00,1777113900,2026-04-25T10:45:00+00:00,16,16,15,15,15,13,0.73,27.0,0.735,26.5,0,btc-updown-15m-1777113900
KXBTC15M-26APR250715-15,1777114800,2026-04-25T11:00:00+00:00,16,16,15,14,13,13,0.79,21.0,0.795,20.5,0,btc-updown-15m-1777114800
KXBTC15M-26APR250730-30,1777115700,2026-04-25T11:15:00+00:00,16,16,15,12,11,10,0.6,40.0,0.605,39.5,0,btc-updown-15m-1777115700
KXBTC15M-26APR250745-45,1777116600,2026-04-25T11:30:00+00:00,16,16,15,14,14,14,0.471,52.9,0.474,52.6,0,btc-updown-15m-1777116600
KXBTC15M-26APR250800-00,1777117500,2026-04-25T11:45:00+00:00,16,16,15,14,14,12,0.35,65.0,0.355,64.5,0,btc-updown-15m-1777117500
KXBTC15M-26APR250815-15,1777118400,2026-04-25T12:00:00+00:00,16,16,15,15,14,12,0.699,30.1,0.701,29.9,0,btc-updown-15m-1777118400
KXBTC15M-26APR250830-30,1777119300,2026-04-25T12:15:00+00:00,16,16,15,13,13,12,0.7175,28.25,0.723,27.7,0,btc-updown-15m-1777119300
KXBTC15M-26APR250845-45,1777120200,2026-04-25T12:30:00+00:00,16,16,15,14,14,14,0.63,37.0,0.635,36.5,0,btc-updown-15m-1777120200
KXBTC15M-26APR250900-00,1777121100,2026-04-25T12:45:00+00:00,16,16,15,13,13,12,0.71,29.0,0.715,28.5,0,btc-updown-15m-1777121100
KXBTC15M-26APR250915-15,1777122000,2026-04-25T13:00:00+00:00,16,16,15,11,10,9,0.84,16.0,0.845,15.5,0,btc-updown-15m-1777122000
KXBTC15M-26APR250930-30,1777122900,2026-04-25T13:15:00+00:00,16,16,15,14,14,11,0.76,24.0,0.765,23.5,0,btc-updown-15m-1777122900
KXBTC15M-26APR250945-45,1777123800,2026-04-25T13:30:00+00:00,16,16,15,12,11,10,0.7805,21.95,0.785,21.5,0,btc-updown-15m-1777123800
KXBTC15M-26APR251000-00,1777124700,2026-04-25T13:45:00+00:00,16,16,15,15,15,14,0.53,47.0,0.535,46.5,0,btc-updown-15m-1777124700
KXBTC15M-26APR251015-15,1777125600,2026-04-25T14:00:00+00:00,16,16,15,14,14,13,0.62,38.0,0.625,37.5,0,btc-updown-15m-1777125600
KXBTC15M-26APR251030-30,1777126500,2026-04-25T14:15:00+00:00,16,16,15,14,14,14,0.3835,61.65,0.391,60.9,0,btc-updown-15m-1777126500
KXBTC15M-26APR251045-45,1777127400,2026-04-25T14:30:00+00:00,16,16,15,14,13,9,0.735,26.5,0.755,24.5,0,btc-updown-15m-1777127400
KXBTC15M-26APR251100-00,1777128300,2026-04-25T14:45:00+00:00,16,16,15,13,12,11,0.7705,22.95,0.773,22.7,0,btc-updown-15m-1777128300
KXBTC15M-26APR251115-15,1777129200,2026-04-25T15:00:00+00:00,16,16,15,15,15,14,0.72,28.0,0.725,27.5,0,btc-updown-15m-1777129200
