close_iso,ticker,classification,position,pair_pnl_usd,events,kalshi_result,poly_outcome,kalshi_strike,poly_price_beat,delta
2026-04-25T13:00:00+00:00,KXBTC15M-26APR250900-00,DIVERGE,NO_TRADE,,-,yes,down,77584.89,77576.89425132514,-8.0
2026-04-25T13:15:00+00:00,KXBTC15M-26APR250915-15,agree,NO_TRADE,,-,yes,up,77585.27,77574.1917899385,-11.08
2026-04-25T13:30:00+00:00,KXBTC15M-26APR250930-30,agree,NO_TRADE,,-,no,down,77661.82,77660.58554862348,-1.23
2026-04-25T13:45:00+00:00,KXBTC15M-26APR250945-45,agree,NO_TRADE,,-,yes,up,77642.73,77635.67972,-7.05
2026-04-25T14:00:00+00:00,KXBTC15M-26APR251000-00,agree,NO_TRADE,,-,yes,up,77691.55,77691.7454,0.2
2026-04-25T14:15:00+00:00,KXBTC15M-26APR251015-15,DIVERGE,NO_TRADE,,-,no,up,77710.95,77701.983,-8.97
2026-04-25T14:30:00+00:00,KXBTC15M-26APR251030-30,agree,NO_TRADE,,-,yes,up,77677.01,77702.68762253759,25.68
2026-04-25T14:45:00+00:00,KXBTC15M-26APR251045-45,DIVERGE,NO_TRADE,,-,no,up,77753.95,77743.17,-10.78
2026-04-25T15:00:00+00:00,KXBTC15M-26APR251100-00,agree,NO_TRADE,,-,no,down,77752.73,77749.88,-2.85
2026-04-25T15:15:00+00:00,KXBTC15M-26APR251115-15,agree,NO_TRADE,,-,yes,up,77684.2,77677.19629,-7.0
2026-04-25T15:30:00+00:00,KXBTC15M-26APR251130-30,agree,NO_TRADE,,-,yes,up,77697.87,77688.48419,-9.39
2026-04-25T15:45:00+00:00,KXBTC15M-26APR251145-45,agree,NO_TRADE,,-,no,down,77729.68,77723.59956,-6.08
2026-04-25T16:00:00+00:00,KXBTC15M-26APR251200-00,agree,NO_TRADE,,-,no,down,77698.87,77680.59342258585,-18.28
2026-04-25T16:15:00+00:00,KXBTC15M-26APR251215-15,agree,NO_TRADE,,-,yes,up,77366.31,77348.63,-17.68
2026-04-25T16:30:00+00:00,KXBTC15M-26APR251230-30,agree,NO_TRADE,,-,no,down,77463.16,77471.10466660089,7.94
2026-04-25T16:45:00+00:00,KXBTC15M-26APR251245-45,agree,HEDGED,0.3334,ENTRY|HEDGE_OK,no,down,77425.73,77416.46855608647,-9.26
2026-04-25T17:00:00+00:00,KXBTC15M-26APR251300-00,agree,NAKED,,ENTRY|NAKED_AT_CLOSE,yes,up,77398.01,77388.95134840778,-9.06
2026-04-25T17:15:00+00:00,KXBTC15M-26APR251315-15,agree,HEDGED,0.3018,ENTRY|HEDGE_OK,no,down,77430.54,77423.28791184719,-7.25
2026-04-25T17:30:00+00:00,KXBTC15M-26APR251330-30,agree,HEDGED,0.6284,ENTRY|HEDGE_OK,no,down,77383.85,77378.51073,-5.34
2026-04-25T17:45:00+00:00,KXBTC15M-26APR251345-45,agree,HEDGED,0.3227,ENTRY|HEDGE_OK,no,down,77352.32,77349.04596245407,-3.27
2026-04-25T18:00:00+00:00,KXBTC15M-26APR251400-00,agree,NAKED,,ENTRY|NAKED_AT_CLOSE,no,down,77341.68,77329.63115552664,-12.05
2026-04-25T18:15:00+00:00,KXBTC15M-26APR251415-15,agree,HEDGED,0.2786,ENTRY|HEDGE_OK,yes,up,77274.65,77270.26460382769,-4.39
2026-04-25T18:30:00+00:00,KXBTC15M-26APR251430-30,agree,HEDGED,0.3183,ENTRY|HEDGE_OK,yes,up,77304.04,77302.93951328071,-1.1
2026-04-25T18:45:00+00:00,KXBTC15M-26APR251445-45,DIVERGE,NAKED,,ENTRY|NAKED_AT_CLOSE,yes,down,77333.58,77339.83,6.25
2026-04-25T19:00:00+00:00,KXBTC15M-26APR251500-00,agree,HEDGED,0.4762,ENTRY|HEDGE_OK,no,down,77348.8,77326.94837460104,-21.85
2026-04-25T19:15:00+00:00,KXBTC15M-26APR251515-15,agree,HEDGED,1.1176,ENTRY|HEDGE_OK,yes,up,77341.58,77318.84834213414,-22.73
2026-04-25T19:30:00+00:00,KXBTC15M-26APR251530-30,agree,HEDGED,0.3296,ENTRY|HEDGE_OK,no,down,77345.69,77345.18075994795,-0.51
2026-04-25T19:45:00+00:00,KXBTC15M-26APR251545-45,agree,NAKED,,ENTRY|NAKED_AT_CLOSE,no,down,77277.41,77272.87358771931,-4.54
2026-04-25T20:00:00+00:00,KXBTC15M-26APR251600-00,agree,NAKED,,ENTRY|NAKED_AT_CLOSE,yes,up,77237.73,77210.06099999999,-27.67
2026-04-25T20:15:00+00:00,KXBTC15M-26APR251615-15,agree,HEDGED,0.4236,ENTRY|HEDGE_OK,yes,up,77347.96,77340.25770484841,-7.7
2026-04-25T20:30:00+00:00,KXBTC15M-26APR251630-30,agree,HEDGED,0.3307,ENTRY|HEDGE_OK,yes,up,77375.08,77371.01000000001,-4.07
2026-04-25T20:45:00+00:00,KXBTC15M-26APR251645-45,agree,HEDGED,0.3647,ENTRY|HEDGE_OK,no,down,77433.28,77438.65748,5.38
2026-04-25T21:00:00+00:00,KXBTC15M-26APR251700-00,agree,HEDGED,0.2358,ENTRY|HEDGE_OK,yes,up,77426.57,77418.31976789048,-8.25
2026-04-25T21:15:00+00:00,KXBTC15M-26APR251715-15,agree,HEDGED,0.2769,ENTRY|HEDGE_OK,yes,up,77494.41,77491.95000000001,-2.46
2026-04-25T21:30:00+00:00,KXBTC15M-26APR251730-30,DIVERGE,HEDGED,0.4417,ENTRY|HEDGE_OK,no,up,77517.82,77518.92,1.1
2026-04-25T21:45:00+00:00,KXBTC15M-26APR251745-45,agree,NAKED,,ENTRY|NAKED_AT_CLOSE,no,down,77515.3,77536.86120891862,21.56
2026-04-25T22:00:00+00:00,KXBTC15M-26APR251800-00,agree,NAKED,,ENTRY|NAKED_AT_CLOSE,yes,up,77473.24,77484.36445000001,11.12
2026-04-25T22:15:00+00:00,KXBTC15M-26APR251815-15,DIVERGE,NAKED,,ENTRY|NAKED_AT_CLOSE,yes,down,77530.98,77545.51755,14.54
2026-04-25T22:30:00+00:00,KXBTC15M-26APR251830-30,agree,HEDGED,0.2787,ENTRY|HEDGE_OK,yes,up,77531.44,77524.21,-7.23
2026-04-25T22:45:00+00:00,KXBTC15M-26APR251845-45,agree,NAKED,,ENTRY|NAKED_AT_CLOSE,yes,up,77570.13,77573.476,3.35
2026-04-25T23:00:00+00:00,KXBTC15M-26APR251900-00,agree,NAKED,,ENTRY|NAKED_AT_CLOSE,no,down,77590.27,77612.60315571933,22.33
2026-04-25T23:15:00+00:00,KXBTC15M-26APR251915-15,agree,NAKED,,ENTRY|NAKED_AT_CLOSE,yes,up,77574.67,77575.47294,0.8
2026-04-25T23:30:00+00:00,KXBTC15M-26APR251930-30,agree,HEDGED,0.2842,ENTRY|HEDGE_OK,yes,up,77606.67,77604.37588821704,-2.29
2026-04-25T23:45:00+00:00,KXBTC15M-26APR251945-45,agree,NAKED,,ENTRY|NAKED_AT_CLOSE,yes,up,77611.34,77608.94982920769,-2.39
2026-04-26T00:00:00+00:00,KXBTC15M-26APR252000-00,DIVERGE,HEDGED,0.22,ENTRY|HEDGE_OK,no,up,77643.31,77625.8593790729,-17.45
2026-04-26T00:15:00+00:00,KXBTC15M-26APR252015-15,agree,HEDGED,0.4899,ENTRY|HEDGE_OK,no,down,77641.6,77644.85107378918,3.25
2026-04-26T00:30:00+00:00,KXBTC15M-26APR252030-30,agree,HEDGED,0.2644,ENTRY|HEDGE_OK,no,down,77567.84,77573.98546,6.15
2026-04-26T00:45:00+00:00,KXBTC15M-26APR252045-45,agree,HEDGED,0.2194,ENTRY|HEDGE_OK,yes,up,77498.5,77492.10430001072,-6.4
2026-04-26T01:00:00+00:00,KXBTC15M-26APR252100-00,agree,HEDGED,0.3333,ENTRY|HEDGE_OK,no,down,77561.07,77566.93827000001,5.87
2026-04-26T01:15:00+00:00,KXBTC15M-26APR252115-15,DIVERGE,HEDGED,0.2104,ENTRY|HEDGE_OK,no,up,77534.37,77515.09,-19.28
2026-04-26T01:30:00+00:00,KXBTC15M-26APR252130-30,agree,HEDGED,0.2394,ENTRY|HEDGE_OK,yes,up,77534.01,77524.06761665214,-9.94
2026-04-26T01:45:00+00:00,KXBTC15M-26APR252145-45,agree,HEDGED,0.3348,ENTRY|HEDGE_OK,yes,up,77539.61,77527.38401805042,-12.23
2026-04-26T02:00:00+00:00,KXBTC15M-26APR252200-00,agree,NAKED,,ENTRY|NAKED_AT_CLOSE,no,down,77567.13,77575.79100271393,8.66
2026-04-26T02:15:00+00:00,KXBTC15M-26APR252215-15,agree,HEDGED,0.2719,ENTRY|HEDGE_OK,yes,up,77481.96,77477.45714294168,-4.5
2026-04-26T02:30:00+00:00,KXBTC15M-26APR252230-30,agree,HEDGED,0.3259,ENTRY|HEDGE_OK,no,down,77589.82,77586.26533,-3.55
2026-04-26T02:45:00+00:00,KXBTC15M-26APR252245-45,agree,HEDGED,0.3227,ENTRY|HEDGE_OK,no,down,77580.65,77575.2,-5.45
2026-04-26T03:00:00+00:00,KXBTC15M-26APR252300-00,agree,HEDGED,0.2009,ENTRY|HEDGE_OK,no,down,77548.39,77540.07172958275,-8.32
2026-04-26T03:15:00+00:00,KXBTC15M-26APR252315-15,agree,NAKED,,ENTRY|NAKED_AT_CLOSE,yes,up,77524.99,77536.80326999999,11.81
2026-04-26T03:30:00+00:00,KXBTC15M-26APR252330-30,agree,HEDGED,0.2372,ENTRY|HEDGE_OK,no,down,77542.65,77543.50161,0.85
2026-04-26T03:45:00+00:00,KXBTC15M-26APR252345-45,agree,NAKED,,ENTRY|NAKED_AT_CLOSE,no,down,77482.53,77445.95999999999,-36.57
2026-04-26T04:00:00+00:00,KXBTC15M-26APR260000-00,agree,HEDGED,0.2081,ENTRY|HEDGE_OK,yes,up,77404.22,77402.41864999999,-1.8
2026-04-26T04:15:00+00:00,KXBTC15M-26APR260015-15,agree,HEDGED,0.5895,ENTRY|HEDGE_OK,yes,up,77430.11,77404.5216270722,-25.59
2026-04-26T04:30:00+00:00,KXBTC15M-26APR260030-30,agree,HEDGED,0.3584,ENTRY|HEDGE_OK,yes,up,77500.36,77488.14195132021,-12.22
2026-04-26T04:45:00+00:00,KXBTC15M-26APR260045-45,agree,HEDGED,0.3206,ENTRY|HEDGE_OK,yes,up,77502.41,77493.89585043456,-8.51
2026-04-26T05:00:00+00:00,KXBTC15M-26APR260100-00,agree,HEDGED,0.5768,ENTRY|HEDGE_OK,yes,up,77539.31,77530.6650325662,-8.64
2026-04-26T05:15:00+00:00,KXBTC15M-26APR260115-15,agree,HEDGED,0.1438,ENTRY|HEDGE_OK,yes,up,77800.09,77787.92549551364,-12.16
2026-04-26T05:30:00+00:00,KXBTC15M-26APR260130-30,agree,NAKED,,ENTRY|NAKED_AT_CLOSE,no,down,78135.7,78152.74246377927,17.04
2026-04-26T05:45:00+00:00,KXBTC15M-26APR260145-45,agree,HEDGED,0.355,ENTRY|HEDGE_OK,no,down,78134.21,78118.61078496084,-15.6
2026-04-26T06:00:00+00:00,KXBTC15M-26APR260200-00,agree,HEDGED,0.3492,ENTRY|HEDGE_OK,no,down,78064.64,78066.06326,1.42
2026-04-26T06:15:00+00:00,KXBTC15M-26APR260215-15,agree,HEDGED,0.3358,ENTRY|HEDGE_OK,yes,up,78014.65,78002.85,-11.8
2026-04-26T06:30:00+00:00,KXBTC15M-26APR260230-30,agree,HEDGED,0.2701,ENTRY|HEDGE_OK,no,down,78041.65,78034.46999999999,-7.18
2026-04-26T06:45:00+00:00,KXBTC15M-26APR260245-45,agree,HEDGED,0.3616,ENTRY|HEDGE_OK,yes,up,77975.98,77965.92358999999,-10.06
2026-04-26T07:00:00+00:00,KXBTC15M-26APR260300-00,agree,HEDGED,0.2131,ENTRY|HEDGE_OK,no,down,78033.26,78031.32,-1.94
2026-04-26T07:15:00+00:00,KXBTC15M-26APR260315-15,agree,HEDGED,0.2204,ENTRY|HEDGE_OK,yes,up,78017.79,78017.29822,-0.49
2026-04-26T07:30:00+00:00,KXBTC15M-26APR260330-30,agree,HEDGED,0.1744,ENTRY|HEDGE_OK,no,down,78033.19,78026.51501999999,-6.67
2026-04-26T07:45:00+00:00,KXBTC15M-26APR260345-45,agree,HEDGED,0.2352,ENTRY|HEDGE_OK,no,down,78018.37,78016.06000000001,-2.31
2026-04-26T08:00:00+00:00,KXBTC15M-26APR260400-00,agree,HEDGED,0.3172,ENTRY|HEDGE_OK,yes,up,78002.66,77996.36,-6.3
2026-04-26T08:15:00+00:00,KXBTC15M-26APR260415-15,agree,HEDGED,0.3283,ENTRY|HEDGE_OK,no,down,78127.32,78122.24388,-5.08
2026-04-26T08:30:00+00:00,KXBTC15M-26APR260430-30,agree,HEDGED,0.2432,ENTRY|HEDGE_OK,yes,up,78103.83,78096.74251,-7.09
2026-04-26T08:45:00+00:00,KXBTC15M-26APR260445-45,agree,HEDGED,0.2913,ENTRY|HEDGE_OK,no,down,78108.29,78105.63569,-2.65
2026-04-26T09:00:00+00:00,KXBTC15M-26APR260500-00,agree,HEDGED,0.3587,ENTRY|HEDGE_OK,no,down,78068.99,78063.96887,-5.02
2026-04-26T09:15:00+00:00,KXBTC15M-26APR260515-15,agree,NAKED,,ENTRY|NAKED_AT_CLOSE,no,down,78059.77,78049.34583782061,-10.42
2026-04-26T09:30:00+00:00,KXBTC15M-26APR260530-30,agree,HEDGED,0.2103,ENTRY|HEDGE_OK,yes,up,78031.02,78027.75840950041,-3.26
2026-04-26T09:45:00+00:00,KXBTC15M-26APR260545-45,agree,HEDGED,0.2166,ENTRY|HEDGE_OK,no,down,78035.12,78030.20144,-4.92
2026-04-26T10:00:00+00:00,KXBTC15M-26APR260600-00,agree,HEDGED,0.2088,ENTRY|HEDGE_OK,yes,up,78002.64,77995.13024,-7.51
2026-04-26T10:15:00+00:00,KXBTC15M-26APR260615-15,agree,HEDGED,0.2656,ENTRY|HEDGE_OK,yes,up,78025.06,78018.61012578782,-6.45
2026-04-26T10:30:00+00:00,KXBTC15M-26APR260630-30,agree,HEDGED,0.3239,ENTRY|HEDGE_OK,no,down,78059.68,78056.1566838906,-3.52
2026-04-26T10:45:00+00:00,KXBTC15M-26APR260645-45,agree,HEDGED,0.2788,ENTRY|HEDGE_OK,no,down,78037.22,78029.72358,-7.5
2026-04-26T11:00:00+00:00,KXBTC15M-26APR260700-00,DIVERGE,NAKED,,ENTRY|NAKED_AT_CLOSE,no,up,78030.37,78004.03951453169,-26.33
2026-04-26T11:15:00+00:00,KXBTC15M-26APR260715-15,agree,NAKED,,ENTRY|NAKED_AT_CLOSE,yes,up,78022.02,78016.69596,-5.32
2026-04-26T11:30:00+00:00,KXBTC15M-26APR260730-30,agree,HEDGED,0.3108,ENTRY|HEDGE_OK,yes,up,78076.8,78062.34494000001,-14.46
2026-04-26T11:45:00+00:00,KXBTC15M-26APR260745-45,agree,NAKED,,ENTRY|NAKED_AT_CLOSE,no,down,78147.39,78143.30605,-4.08
2026-04-26T12:00:00+00:00,KXBTC15M-26APR260800-00,agree,NAKED,,ENTRY|NAKED_AT_CLOSE,yes,up,78097.91,78090.39733,-7.51
2026-04-26T12:15:00+00:00,KXBTC15M-26APR260815-15,agree,NAKED,,ENTRY|NAKED_AT_CLOSE,no,down,78125.84,78110.01373653737,-15.83
2026-04-26T12:30:00+00:00,KXBTC15M-26APR260830-30,agree,HEDGED,0.3038,ENTRY|HEDGE_OK,no,down,78009.36,77996.54305231506,-12.82
2026-04-26T12:45:00+00:00,KXBTC15M-26APR260845-45,agree,HEDGED,0.273,ENTRY|HEDGE_OK,no,down,77994.43,77986.20133,-8.23
