timestamp_iso,round_ts,round_clock,event,arb_id,contracts,cost_usd,profit_pct_at_event,k_yes_bid,k_yes_ask,p_yes_ask,p_no_ask,entry_arb_id,entry_cost_usd,entry_contracts,delay_seconds,min_contracts,pair_total_cost,pair_guaranteed_payout,pair_pnl_usd,pair_pnl_pct_of_budget
2026-04-25T13:31:59.527,1777134600,01:59,ENTRY,1,7.1778,7.0034,2.4917,0.51,0.52,0.58,0.43,,,,,,,,,
2026-04-25T13:35:20.143,1777134600,05:20,HEDGE_OK,2,7.1702,7.0035,2.3808,0.53,0.54,0.48,0.53,1,7.0034,7.1778,201,7.1702,14.0069,14.3403,0.3334,4.7635
2026-04-25T13:45:37.669,1777135500,00:37,ENTRY,2,7.7243,7.0351,9.8464,0.6,0.61,0.48,0.53,,,,,,,,,
2026-04-25T14:00:00.199,1777135500,15:00,NAKED_AT_CLOSE,2,7.7243,7.0351,9.8464,0.6,0.61,0.48,0.53,,,,,,,,,
2026-04-25T14:01:09.283,1777136400,01:09,ENTRY,2,7.4857,7.0038,6.8854,0.49,0.52,0.4,0.61,,,,,,,,,
2026-04-25T14:02:42.392,1777136400,02:42,HEDGE_OK,1,7.1751,7.0446,1.8639,0.27,0.28,0.34,0.67,2,7.0038,7.4857,93,7.1751,14.0484,14.3502,0.3018,4.3118
2026-04-25T14:15:44.722,1777137300,00:44,ENTRY,1,7.3128,6.994,4.5545,0.44,0.45,0.53,0.48,,,,,,,,,
2026-04-25T14:22:17.017,1777137300,07:17,HEDGE_OK,2,7.3415,7.0032,4.8331,0.44,0.55,0.37,0.66,1,6.994,7.3128,393,7.3128,13.9972,14.6256,0.6284,8.9773
2026-04-25T14:31:45.346,1777138200,01:45,ENTRY,2,7.1649,7.0036,2.3041,0.57,0.58,0.52,0.49,,,,,,,,,
2026-04-25T14:32:02.197,1777138200,02:02,HEDGE_OK,1,7.1746,7.0034,2.4457,0.49,0.5,0.56,0.45,2,7.0036,7.1649,17,7.1649,14.007,14.3298,0.3227,4.6107
2026-04-25T14:45:38.334,1777139100,00:38,ENTRY,1,7.5589,7.0037,7.9322,0.37,0.38,0.49,0.52,,,,,,,,,
2026-04-25T14:53:23.874,1777139100,08:23,ENTRY,1,7.356,7.0004,5.0796,0.044,0.048,0.12,0.89,,,,,,,,,
2026-04-25T15:00:00.078,1777139100,15:00,NAKED_AT_CLOSE,1,7.5589,7.0037,7.9322,0.37,0.38,0.49,0.52,,,,,,,,,
2026-04-25T15:00:37.865,1777140000,00:37,ENTRY,1,7.2387,6.9939,3.4967,0.47,0.48,0.55,0.46,,,,,,,,,
2026-04-25T15:05:05.319,1777140000,05:05,HEDGE_OK,2,7.1371,7.0017,1.9344,0.81,0.83,0.77,0.24,1,6.9939,7.2387,268,7.1371,13.9956,14.2742,0.2786,3.98
2026-04-25T15:16:58.206,1777140900,01:58,ENTRY,1,7.1811,7.0057,2.5059,0.53,0.54,0.61,0.41,,,,,,,,,
2026-04-25T15:22:11.195,1777140900,07:11,HEDGE_OK,2,7.1588,6.9937,2.3588,0.63,0.64,0.58,0.43,1,7.0057,7.1811,313,7.1588,13.9994,14.3176,0.3183,4.5466
2026-04-25T15:30:22.460,1777141800,00:22,ENTRY,2,7.1649,7.0036,2.3041,0.57,0.58,0.52,0.49,,,,,,,,,
2026-04-25T15:45:00.143,1777141800,15:00,NAKED_AT_CLOSE,2,7.1649,7.0036,2.3041,0.57,0.58,0.52,0.49,,,,,,,,,
2026-04-25T15:45:22.483,1777142700,00:22,ENTRY,1,7.6686,7.0035,9.5014,0.56,0.57,0.69,0.32,,,,,,,,,
2026-04-25T15:47:44.878,1777142700,02:44,HEDGE_OK,2,7.2416,7.0036,3.4007,0.57,0.58,0.51,0.57,1,7.0035,7.6686,142,7.2416,14.0071,14.4833,0.4762,6.8025
2026-04-25T16:00:22.611,1777143600,00:22,ENTRY,1,7.5628,7.0039,7.9841,0.46,0.47,0.58,0.43,,,,,,,,,
2026-04-25T16:12:07.841,1777143600,12:07,HEDGE_OK,2,8.2083,7.004,17.2036,0.49,0.83,0.32,0.69,1,7.0039,7.5628,705,7.5628,14.0079,15.1255,1.1176,15.9662
2026-04-25T16:17:53.919,1777144500,02:53,ENTRY,2,7.1702,7.0035,2.3808,0.53,0.59,0.48,0.53,,,,,,,,,
2026-04-25T16:20:13.903,1777144500,05:13,HEDGE_OK,1,7.1811,7.0072,2.484,0.52,0.54,0.61,0.41,2,7.0035,7.1702,140,7.1702,14.0107,14.3403,0.3296,4.7087
2026-04-25T16:31:39.047,1777145400,01:39,ENTRY,1,7.1674,7.0035,2.3409,0.44,0.45,0.51,0.5,,,,,,,,,
2026-04-25T16:45:00.015,1777145400,15:00,NAKED_AT_CLOSE,1,7.1674,7.0035,2.3409,0.44,0.45,0.51,0.5,,,,,,,,,
2026-04-25T16:45:22.316,1777146300,00:22,ENTRY,1,7.8213,7.0039,11.6775,0.43,0.44,0.58,0.43,,,,,,,,,
2026-04-25T17:00:00.011,1777146300,15:00,NAKED_AT_CLOSE,1,7.8213,7.0039,11.6775,0.43,0.44,0.58,0.43,,,,,,,,,
2026-04-25T17:00:22.393,1777147200,00:22,ENTRY,1,7.2586,7.0033,3.6478,0.53,0.54,0.62,0.4,,,,,,,,,
2026-04-25T17:02:17.014,1777147200,02:17,HEDGE_OK,2,7.2402,7.0536,2.6665,0.51,0.52,0.45,0.57,1,7.0033,7.2586,115,7.2402,14.0569,14.4805,0.4236,6.0515
2026-04-25T17:15:32.783,1777148100,00:32,ENTRY,2,7.1688,7.0035,2.3605,0.54,0.55,0.49,0.52,,,,,,,,,
2026-04-25T17:16:01.026,1777148100,01:01,HEDGE_OK,1,7.1794,7.0033,2.5155,0.52,0.53,0.59,0.42,2,7.0035,7.1688,29,7.1688,14.0069,14.3375,0.3307,4.7237
2026-04-25T17:30:37.949,1777149000,00:37,ENTRY,2,7.3143,6.994,4.5764,0.54,0.55,0.47,0.54,,,,,,,,,
2026-04-25T17:38:14.788,1777149000,08:14,HEDGE_OK,1,7.2387,7.1187,1.7142,0.46,0.48,0.55,0.46,2,6.994,7.3143,457,7.2387,14.1126,14.4774,0.3647,5.2103
2026-04-25T17:46:02.190,1777149900,01:02,ENTRY,1,7.2621,7.0658,2.8042,0.55,0.56,0.63,0.38,,,,,,,,,
2026-04-25T17:54:31.359,1777149900,09:31,HEDGE_OK,2,7.1515,7.0013,2.145,0.84,0.85,0.8,0.21,1,7.0658,7.2621,509,7.1515,14.0672,14.303,0.2358,3.3686
2026-04-25T18:00:46.577,1777150800,00:46,ENTRY,2,7.1746,7.0034,2.4457,0.5,0.51,0.45,0.56,,,,,,,,,
2026-04-25T18:04:28.176,1777150800,04:28,HEDGE_OK,1,7.2291,7.069,2.2883,0.63,0.7,0.76,0.25,2,7.0034,7.1746,222,7.1746,14.0724,14.3492,0.2769,3.9552
2026-04-25T18:15:38.000,1777151700,00:38,ENTRY,2,7.3143,6.994,4.5764,0.54,0.55,0.47,0.54,,,,,,,,,
2026-04-25T18:26:53.018,1777151700,11:53,HEDGE_OK,1,7.3198,7.1929,1.8129,0.32,0.33,0.41,0.6,2,6.994,7.3143,675,7.3143,14.1868,14.6286,0.4417,6.3107
2026-04-25T18:30:38.292,1777152600,00:38,ENTRY,2,8.3929,7.0043,19.8369,0.58,0.59,0.39,0.62,,,,,,,,,
2026-04-25T18:45:00.021,1777152600,15:00,NAKED_AT_CLOSE,2,8.3929,7.0043,19.8369,0.58,0.59,0.39,0.62,,,,,,,,,
2026-04-25T18:45:22.184,1777153500,00:22,ENTRY,2,7.3938,7.0037,5.5728,0.62,0.64,0.54,0.47,,,,,,,,,
2026-04-25T19:00:00.209,1777153500,15:00,NAKED_AT_CLOSE,2,7.3938,7.0037,5.5728,0.62,0.64,0.54,0.47,,,,,,,,,
2026-04-25T19:00:22.413,1777154400,00:22,ENTRY,2,7.347,7.0765,3.8652,0.41,0.42,0.34,0.67,,,,,,,,,
2026-04-25T19:15:11.340,1777154400,15:00,NAKED_AT_CLOSE,2,7.347,7.0765,3.8652,0.41,0.42,0.34,0.67,,,,,,,,,
2026-04-25T19:15:22.575,1777155300,00:22,ENTRY,1,7.1702,7.0035,2.3808,0.46,0.47,0.53,0.48,,,,,,,,,
2026-04-25T19:21:17.780,1777155300,06:17,HEDGE_OK,2,7.1637,7.0452,1.6922,0.58,0.59,0.53,0.48,1,7.0035,7.1702,355,7.1637,14.0487,14.3274,0.2787,3.9808
2026-04-25T19:30:37.797,1777156200,00:37,ENTRY,2,7.7608,7.0022,10.8374,0.8,0.81,0.68,0.33,,,,,,,,,
2026-04-25T19:45:00.014,1777156200,15:00,NAKED_AT_CLOSE,2,7.7608,7.0022,10.8374,0.8,0.81,0.68,0.33,,,,,,,,,
2026-04-25T19:45:20.036,1777157100,00:20,ENTRY,2,8.014,7.004,14.4286,0.48,0.5,0.33,0.68,,,,,,,,,
2026-04-25T20:00:00.954,1777157100,15:00,NAKED_AT_CLOSE,2,8.014,7.004,14.4286,0.48,0.5,0.33,0.68,,,,,,,,,
2026-04-25T20:00:23.254,1777158000,00:23,ENTRY,2,7.3201,7.0036,4.5218,0.57,0.58,0.5,0.51,,,,,,,,,
2026-04-25T20:15:00.319,1777158000,15:00,NAKED_AT_CLOSE,2,7.3201,7.0036,4.5218,0.57,0.58,0.5,0.51,,,,,,,,,
2026-04-25T20:16:09.217,1777158900,01:09,ENTRY,2,7.1811,7.0033,2.5396,0.46,0.48,0.41,0.62,,,,,,,,,
2026-04-25T20:17:47.735,1777158900,02:47,HEDGE_OK,1,7.1662,7.045,1.7326,0.32,0.33,0.39,0.62,2,7.0033,7.1811,98,7.1662,14.0483,14.3325,0.2842,4.0602
2026-04-25T20:30:59.905,1777159800,00:59,ENTRY,2,7.3175,7.0056,4.4548,0.59,0.6,0.52,0.49,,,,,,,,,
2026-04-25T20:45:00.011,1777159800,15:00,NAKED_AT_CLOSE,2,7.3175,7.0056,4.4548,0.59,0.6,0.52,0.49,,,,,,,,,
2026-04-25T20:45:49.207,1777160700,00:49,ENTRY,1,7.1588,6.9937,2.3588,0.36,0.37,0.43,0.58,,,,,,,,,
2026-04-25T20:49:55.976,1777160700,04:55,HEDGE_OK,2,7.1085,7.0033,1.5029,0.44,0.45,0.4,0.61,1,6.9937,7.1588,246,7.1085,13.997,14.2169,0.22,3.1425
2026-04-25T21:00:23.521,1777161600,00:23,ENTRY,2,7.2657,7.0032,3.7507,0.42,0.43,0.36,0.65,,,,,,,,,
2026-04-25T21:05:05.264,1777161600,05:05,HEDGE_OK,1,7.2435,6.9938,3.5663,0.31,0.51,0.58,0.43,2,7.0032,7.2657,282,7.2435,13.997,14.4869,0.4899,6.9992
2026-04-25T21:15:22.410,1777162500,00:22,ENTRY,2,7.3489,7.0031,4.9402,0.4,0.41,0.33,0.68,,,,,,,,,
2026-04-25T21:19:12.697,1777162500,04:12,HEDGE_OK,1,7.1552,7.0429,1.6043,0.13,0.14,0.19,0.82,2,7.0031,7.3489,230,7.1552,14.0459,14.3103,0.2644,3.777
2026-04-25T21:30:38.318,1777163400,00:38,ENTRY,1,7.1746,7.0034,2.4457,0.49,0.5,0.56,0.45,,,,,,,,,
2026-04-25T21:37:03.427,1777163400,07:03,HEDGE_OK,2,7.1126,7.0025,1.5739,0.76,0.77,0.72,0.29,1,7.0034,7.1746,385,7.1126,14.0059,14.2253,0.2194,3.134
2026-04-25T21:45:22.638,1777164300,00:22,ENTRY,2,7.1702,7.0035,2.3808,0.53,0.54,0.48,0.53,,,,,,,,,
2026-04-25T21:54:43.250,1777164300,09:43,HEDGE_OK,1,7.1702,7.0035,2.3808,0.45,0.47,0.53,0.48,2,7.0035,7.1702,561,7.1702,14.007,14.3403,0.3333,4.7616
2026-04-25T22:00:22.512,1777165200,00:22,ENTRY,1,7.1811,7.0033,2.5396,0.53,0.54,0.6,0.41,,,,,,,,,
2026-04-25T22:04:54.508,1777165200,04:54,HEDGE_OK,2,7.1085,7.0033,1.5029,0.44,0.48,0.4,0.61,1,7.0033,7.1811,272,7.1085,14.0066,14.2169,0.2104,3.0053
2026-04-25T22:16:03.487,1777166100,01:03,ENTRY,1,7.2435,7.0387,2.9253,0.5,0.51,0.58,0.43,,,,,,,,,
2026-04-25T22:23:03.941,1777166100,08:03,HEDGE_OK,2,7.1399,7.0017,1.9746,0.83,0.84,0.79,0.22,1,7.0387,7.2435,420,7.1399,14.0404,14.2798,0.2394,3.4202
2026-04-25T22:30:37.855,1777167000,00:37,ENTRY,1,7.1661,7.0036,2.3221,0.43,0.44,0.5,0.51,,,,,,,,,
2026-04-25T22:34:29.264,1777167000,04:29,HEDGE_OK,2,7.2387,6.9939,3.4967,0.52,0.54,0.46,0.55,1,7.0036,7.1661,232,7.1661,13.9975,14.3322,0.3348,4.7822
2026-04-25T22:45:20.028,1777167900,00:20,ENTRY,2,7.3489,7.0332,4.5104,0.4,0.41,0.33,0.68,,,,,,,,,
2026-04-25T23:00:11.796,1777167900,15:00,NAKED_AT_CLOSE,2,7.3489,7.0332,4.5104,0.4,0.41,0.33,0.68,,,,,,,,,
2026-04-25T23:00:46.854,1777168800,00:46,ENTRY,2,7.1655,6.9933,2.46,0.69,0.71,0.64,0.37,,,,,,,,,
2026-04-25T23:02:33.871,1777168800,02:33,HEDGE_OK,1,7.1339,7.0026,1.8757,0.64,0.65,0.7,0.31,2,6.9933,7.1655,107,7.1339,13.9959,14.2678,0.2719,3.8841
2026-04-25T23:16:38.806,1777169700,01:38,ENTRY,2,7.1662,7.0033,2.3278,0.67,0.68,0.62,0.39,,,,,,,,,
2026-04-25T23:22:52.106,1777169700,07:52,HEDGE_OK,1,7.1667,7.0033,2.3351,0.32,0.34,0.4,0.61,2,7.0033,7.1662,374,7.1662,14.0066,14.3325,0.3259,4.6556
2026-04-25T23:32:05.091,1777170600,02:05,ENTRY,2,7.1702,7.0035,2.3808,0.53,0.54,0.48,0.51,,,,,,,,,
2026-04-25T23:36:23.090,1777170600,06:23,HEDGE_OK,1,7.1649,7.0036,2.3041,0.41,0.43,0.49,0.52,2,7.0035,7.1702,258,7.1649,14.0071,14.3298,0.3227,4.6096
2026-04-25T23:45:37.680,1777171500,00:37,ENTRY,2,7.1932,7.045,2.1174,0.39,0.4,0.34,0.67,,,,,,,,,
2026-04-25T23:46:55.494,1777171500,01:55,HEDGE_OK,1,7.124,7.0021,1.7419,0.2,0.22,0.27,0.74,2,7.045,7.1932,78,7.124,14.0471,14.248,0.2009,2.8701
2026-04-26T00:00:23.501,1777172400,00:23,ENTRY,2,7.4803,7.0039,6.8067,0.52,0.53,0.43,0.58,,,,,,,,,
2026-04-26T00:15:00.004,1777172400,15:00,NAKED_AT_CLOSE,2,7.4803,7.0039,6.8067,0.52,0.53,0.43,0.58,,,,,,,,,
2026-04-26T00:15:22.923,1777173300,00:22,ENTRY,2,7.2392,7.0036,3.3648,0.59,0.6,0.53,0.48,,,,,,,,,
2026-04-26T00:19:28.916,1777173300,04:28,HEDGE_OK,1,7.117,6.9931,1.7697,0.56,0.61,0.66,0.35,2,7.0036,7.2392,246,7.117,13.9967,14.234,0.2372,3.3892
2026-04-26T00:30:22.454,1777174200,00:22,ENTRY,1,9.1819,7.0038,31.1156,0.25,0.26,0.53,0.48,,,,,,,,,
2026-04-26T00:45:00.038,1777174200,15:00,NAKED_AT_CLOSE,1,9.1819,7.0038,31.1156,0.25,0.26,0.53,0.48,,,,,,,,,
2026-04-26T00:45:38.109,1777175100,00:38,ENTRY,1,7.1661,7.0036,2.3221,0.43,0.44,0.5,0.51,,,,,,,,,
2026-04-26T00:53:56.730,1777175100,08:56,HEDGE_OK,2,7.3507,7.1206,3.288,0.39,0.46,0.32,0.69,1,7.0036,7.1661,498,7.1661,14.1241,14.3322,0.2081,2.9726
2026-04-26T01:00:22.225,1777176000,00:22,ENTRY,1,7.8205,7.0034,11.6729,0.28,0.29,0.43,0.58,,,,,,,,,
2026-04-26T01:09:10.385,1777176000,09:10,HEDGE_OK,2,7.3143,7.0357,3.9796,0.87,0.88,0.81,0.2,1,7.0034,7.8205,528,7.3143,14.0391,14.6286,0.5895,8.4212
2026-04-26T01:15:56.987,1777176900,00:56,ENTRY,1,7.1778,7.0034,2.4917,0.51,0.52,0.58,0.43,,,,,,,,,
2026-04-26T01:19:53.117,1777176900,04:53,HEDGE_OK,2,7.4014,6.9938,5.8227,0.5,0.54,0.42,0.59,1,7.0034,7.1778,237,7.1778,13.9972,14.3556,0.3584,5.1199
2026-04-26T01:30:24.969,1777177800,00:24,ENTRY,2,7.1778,7.0369,2.0124,0.48,0.49,0.43,0.58,,,,,,,,,
2026-04-26T01:30:44.735,1777177800,00:44,HEDGE_OK,1,7.1752,6.9929,2.6045,0.24,0.27,0.33,0.68,2,7.0369,7.1778,20,7.1752,14.0298,14.3504,0.3206,4.58
2026-04-26T01:45:37.840,1777178700,00:37,ENTRY,2,7.3215,7.0035,4.5422,0.56,0.57,0.49,0.52,,,,,,,,,
2026-04-26T01:48:43.524,1777178700,03:43,HEDGE_OK,1,7.2905,7.0007,4.14,0.84,0.85,0.91,0.1,2,7.0035,7.3215,186,7.2905,14.0043,14.5811,0.5768,8.24
2026-04-26T02:00:39.799,1777179600,00:39,ENTRY,2,7.2711,7.1287,2.0346,0.39,0.4,0.33,0.68,,,,,,,,,
2026-04-26T02:05:18.477,1777179600,05:18,HEDGE_OK,1,7.1371,7.0017,1.9344,0.18,0.19,0.24,0.77,2,7.1287,7.2711,279,7.1371,14.1304,14.2742,0.1438,2.0543
2026-04-26T02:15:22.347,1777180500,00:22,ENTRY,2,7.741,7.0038,10.5315,0.51,0.52,0.39,0.62,,,,,,,,,
2026-04-26T02:30:00.109,1777180500,15:00,NAKED_AT_CLOSE,2,7.741,7.0038,10.5315,0.51,0.52,0.39,0.62,,,,,,,,,
2026-04-26T02:30:22.213,1777181400,00:22,ENTRY,2,7.1752,6.9929,2.6045,0.73,0.74,0.68,0.33,,,,,,,,,
2026-04-26T02:36:14.479,1777181400,06:14,HEDGE_OK,1,7.261,7.0025,3.6929,0.22,0.25,0.32,0.69,2,6.9929,7.1752,352,7.1752,13.9954,14.3504,0.355,5.0718
2026-04-26T02:48:07.522,1777182300,03:07,ENTRY,2,7.2402,6.9939,3.5194,0.51,0.52,0.45,0.56,,,,,,,,,
2026-04-26T02:50:50.701,1777182300,05:50,HEDGE_OK,1,7.237,7.1308,1.5168,0.38,0.39,0.46,0.55,2,6.9939,7.2402,163,7.237,14.1247,14.4739,0.3492,4.9892
2026-04-26T03:03:02.701,1777183200,03:02,ENTRY,2,7.1658,6.9933,2.4646,0.68,0.71,0.63,0.38,,,,,,,,,
2026-04-26T03:10:53.320,1777183200,10:53,HEDGE_OK,1,7.3702,7.0025,5.2525,0.62,0.66,0.74,0.27,2,6.9933,7.1658,471,7.1658,13.9958,14.3316,0.3358,4.7978
2026-04-26T03:18:22.507,1777184100,03:22,ENTRY,2,7.1573,6.992,2.3615,0.27,0.28,0.23,0.76,,,,,,,,,
2026-04-26T03:21:31.096,1777184100,06:31,HEDGE_OK,1,7.182,7.0526,1.8488,0.1,0.11,0.16,0.85,2,6.992,7.1573,189,7.1573,14.0446,14.3147,0.2701,3.858
2026-04-26T03:30:47.324,1777185000,00:47,ENTRY,1,7.1794,7.0033,2.5155,0.52,0.53,0.59,0.42,,,,,,,,,
2026-04-26T03:37:46.714,1777185000,07:46,HEDGE_OK,2,7.3191,6.9939,4.6457,0.51,0.52,0.44,0.57,1,7.0033,7.1794,419,7.1794,13.9972,14.3588,0.3616,5.1662
2026-04-26T03:46:50.678,1777185900,01:50,ENTRY,2,7.1862,7.0251,2.3018,0.43,0.44,0.38,0.63,,,,,,,,,
2026-04-26T03:47:50.496,1777185900,02:50,HEDGE_OK,1,7.1249,7.0117,1.6178,0.2,0.21,0.26,0.75,2,7.0251,7.1862,60,7.1249,14.0367,14.2498,0.2131,3.044
2026-04-26T04:01:41.423,1777186800,01:41,ENTRY,2,7.1674,7.0035,2.3409,0.55,0.57,0.5,0.51,,,,,,,,,
2026-04-26T04:06:09.836,1777186800,06:09,HEDGE_OK,1,7.1135,7.0032,1.5767,0.58,0.59,0.64,0.37,2,7.0035,7.1674,268,7.1135,14.0067,14.2271,0.2204,3.1481
2026-04-26T04:17:28.212,1777187700,02:28,ENTRY,1,7.1879,7.0451,2.0412,0.57,0.58,0.64,0.37,,,,,,,,,
2026-04-26T04:19:40.626,1777187700,04:40,HEDGE_OK,2,7.1118,7.0042,1.5373,0.42,0.43,0.38,0.63,1,7.0451,7.1879,132,7.1118,14.0493,14.2237,0.1744,2.4912
2026-04-26T04:30:45.242,1777188600,00:45,ENTRY,2,7.1845,7.0032,2.589,0.44,0.45,0.39,0.62,,,,,,,,,
2026-04-26T04:39:03.637,1777188600,09:03,HEDGE_OK,1,7.2412,7.1305,1.581,0.25,0.31,0.38,0.63,2,7.0032,7.1845,498,7.1845,14.1338,14.369,0.2352,3.3594
2026-04-26T04:46:24.787,1777189500,01:24,ENTRY,1,7.1794,7.0251,2.2041,0.37,0.53,0.59,0.42,,,,,,,,,
2026-04-26T04:51:25.699,1777189500,06:25,HEDGE_OK,2,7.1861,7.0165,2.4229,0.76,0.78,0.71,0.3,1,7.0251,7.1794,301,7.1794,14.0417,14.3588,0.3172,4.531
2026-04-26T05:00:37.414,1777190400,00:37,ENTRY,2,7.1915,7.0031,2.6906,0.4,0.42,0.35,0.66,,,,,,,,,
2026-04-26T05:08:14.694,1777190400,08:14,HEDGE_OK,1,7.1673,7.0033,2.3437,0.31,0.35,0.41,0.6,2,7.0031,7.1915,457,7.1673,14.0064,14.3347,0.3283,4.6895
2026-04-26T05:16:52.306,1777191300,01:52,ENTRY,1,7.1596,6.9937,2.3709,0.36,0.38,0.44,0.57,,,,,,,,,
2026-04-26T05:17:18.245,1777191300,02:18,HEDGE_OK,2,7.1304,7.024,1.5208,0.37,0.41,0.33,0.68,1,6.9937,7.1596,26,7.1304,14.0176,14.2608,0.2432,3.474
2026-04-26T05:30:32.179,1777192200,00:32,ENTRY,2,7.1897,7.0032,2.665,0.41,0.42,0.36,0.65,,,,,,,,,
2026-04-26T05:41:28.361,1777192200,11:28,HEDGE_OK,1,7.1629,7.0313,1.8794,0.89,0.9,0.94,0.07,2,7.0032,7.1897,656,7.1629,14.0345,14.3258,0.2913,4.1616
2026-04-26T05:47:06.765,1777193100,02:06,ENTRY,2,7.1828,7.0033,2.5642,0.45,0.47,0.4,0.61,,,,,,,,,
2026-04-26T05:55:59.660,1777193100,10:59,HEDGE_OK,1,7.2416,7.0036,3.4007,0.39,0.43,0.5,0.51,2,7.0033,7.1828,533,7.1828,14.0069,14.3655,0.3587,5.1239
2026-04-26T06:01:57.061,1777194000,01:57,ENTRY,1,7.1673,7.0033,2.3437,0.34,0.35,0.41,0.6,,,,,,,,,
2026-04-26T06:15:00.007,1777194000,15:00,NAKED_AT_CLOSE,1,7.1673,7.0033,2.3437,0.34,0.35,0.41,0.6,,,,,,,,,
2026-04-26T06:16:00.572,1777194900,01:00,ENTRY,1,7.1778,7.0034,2.4917,0.46,0.52,0.58,0.43,,,,,,,,,
2026-04-26T06:20:11.763,1777194900,05:11,HEDGE_OK,2,7.1085,7.0033,1.5029,0.44,0.47,0.4,0.61,1,7.0034,7.1778,251,7.1085,14.0066,14.2169,0.2103,3.0045
2026-04-26T06:33:02.128,1777195800,03:02,ENTRY,1,7.2244,7.0014,3.1864,0.15,0.16,0.22,0.79,,,,,,,,,
2026-04-26T06:33:11.411,1777195800,03:11,HEDGE_OK,2,7.1097,7.0013,1.5474,0.22,0.27,0.19,0.82,1,7.0014,7.2244,9,7.1097,14.0027,14.2193,0.2166,3.0944
2026-04-26T06:45:51.313,1777196700,00:51,ENTRY,1,7.1606,6.9937,2.3841,0.29,0.39,0.45,0.56,,,,,,,,,
2026-04-26T06:51:22.577,1777196700,06:22,HEDGE_OK,2,7.2435,7.1187,1.7825,0.49,0.5,0.43,0.58,1,6.9937,7.1606,331,7.1606,14.1124,14.3211,0.2088,2.9822
2026-04-26T07:00:38.039,1777197600,00:38,ENTRY,1,7.3277,7.0737,3.6286,0.26,0.27,0.35,0.66,,,,,,,,,
2026-04-26T07:06:07.767,1777197600,06:07,HEDGE_OK,2,7.1705,7.0017,2.4119,0.25,0.31,0.21,0.81,1,7.0737,7.3277,329,7.1705,14.0754,14.341,0.2656,3.7946
2026-04-26T07:15:22.311,1777198500,00:22,ENTRY,2,7.1702,7.0035,2.3808,0.53,0.54,0.48,0.53,,,,,,,,,
2026-04-26T07:18:06.041,1777198500,03:06,HEDGE_OK,1,7.1606,6.9937,2.3841,0.38,0.39,0.45,0.56,2,7.0035,7.1702,164,7.1606,13.9972,14.3211,0.3239,4.6278
2026-04-26T07:31:07.416,1777199400,01:07,ENTRY,1,7.1588,6.9937,2.3588,0.35,0.37,0.43,0.58,,,,,,,,,
2026-04-26T07:32:35.995,1777199400,02:35,HEDGE_OK,2,7.1794,7.0451,1.9184,0.47,0.48,0.42,0.59,1,6.9937,7.1588,88,7.1588,14.0388,14.3176,0.2788,3.9829
2026-04-26T07:45:37.616,1777200300,00:37,ENTRY,1,8.0074,7.0042,14.3328,0.48,0.49,0.65,0.36,,,,,,,,,
2026-04-26T08:00:00.010,1777200300,15:00,NAKED_AT_CLOSE,1,8.0074,7.0042,14.3328,0.48,0.49,0.65,0.36,,,,,,,,,
2026-04-26T08:00:50.371,1777201200,00:50,ENTRY,2,7.1861,7.0025,2.6238,0.76,0.81,0.71,0.3,,,,,,,,,
2026-04-26T08:15:00.002,1777201200,15:00,NAKED_AT_CLOSE,2,7.1861,7.0025,2.6238,0.76,0.81,0.71,0.3,,,,,,,,,
2026-04-26T08:16:52.003,1777202100,01:52,ENTRY,1,7.2435,7.0881,2.2186,0.32,0.35,0.42,0.59,,,,,,,,,
2026-04-26T08:24:07.384,1777202100,09:07,HEDGE_OK,2,7.251,7.0879,2.3294,0.7,0.73,0.64,0.37,1,7.0881,7.2435,435,7.2435,14.1761,14.4869,0.3108,4.4406
2026-04-26T08:30:22.623,1777203000,00:22,ENTRY,2,7.5575,7.004,7.9083,0.56,0.57,0.46,0.55,,,,,,,,,
2026-04-26T08:45:00.008,1777203000,15:00,NAKED_AT_CLOSE,2,7.5575,7.004,7.9083,0.56,0.57,0.46,0.55,,,,,,,,,
2026-04-26T08:46:13.394,1777203900,01:13,ENTRY,2,7.1968,7.035,2.3113,0.37,0.38,0.32,0.69,,,,,,,,,
2026-04-26T09:00:00.024,1777203900,15:00,NAKED_AT_CLOSE,2,7.1968,7.035,2.3113,0.37,0.38,0.32,0.69,,,,,,,,,
2026-04-26T09:02:23.174,1777204800,02:23,ENTRY,1,7.1753,7.0029,2.4624,0.29,0.3,0.36,0.65,,,,,,,,,
2026-04-26T09:15:00.010,1777204800,15:00,NAKED_AT_CLOSE,1,7.1753,7.0029,2.4624,0.29,0.3,0.36,0.65,,,,,,,,,
2026-04-26T09:16:20.732,1777205700,01:20,ENTRY,2,7.1762,7.0034,2.4685,0.49,0.52,0.44,0.57,,,,,,,,,
2026-04-26T09:16:32.265,1777205700,01:32,HEDGE_OK,1,7.1794,7.0451,1.9184,0.52,0.53,0.59,0.42,2,7.0034,7.1762,12,7.1762,14.0485,14.3524,0.3038,4.3407
2026-04-26T09:30:22.684,1777206600,00:22,ENTRY,1,7.1688,7.0035,2.3605,0.45,0.46,0.52,0.49,,,,,,,,,
2026-04-26T09:37:06.416,1777206600,07:06,HEDGE_OK,2,7.1688,7.061,1.5392,0.54,0.59,0.49,0.52,1,7.0035,7.1688,404,7.1688,14.0645,14.3375,0.273,3.8997
